##;ENG;FRA;ITA;SPA;GER;POL;POR;RUS;;;X;;
PROV0;（搭乗中）;;;;;;;;;;X;;
PROV1;レイキャヴィク;;;;;;;;;;X;;
PROV2;フェロー諸島;;;;;;;;;;X;;
PROV3;ストーノウェイ;;;;;;;;;;X;;
PROV4;ハルガダ;;;;;;;;;;X;;
PROV5;カークウォール;;;;;;;;;;X;;
PROV6;インヴァネス;;;;;;;;;;X;;
PROV7;アバディーン;;;;;;;;;;X;;
PROV8;グラスゴー;;;;;;;;;;X;;
PROV9;ダンフリーズ;;;;;;;;;;X;;
PROV10;サンダーランド;;;;;;;;;;X;;
PROV11;ハル;;;;;;;;;;X;;
PROV12;マンチェスター;;;;;;;;;;X;;
PROV13;シェフィールド;;;;;;;;;;X;;
PROV14;バーミンガム;;;;;;;;;;X;;
PROV15;カーディフ;;;;;;;;;;X;;
PROV16;オックスフォード;;;;;;;;;;X;;
PROV17;ノリッジ;;;;;;;;;;X;;
PROV18;カレー;;;;;;;;;;X;;
PROV19;ロンドン;;;;;;;;;;X;;
PROV20;ドーバー;;;;;;;;;;X;;
PROV21;ポーツマス;;;;;;;;;;X;;
PROV22;ブリストル;;;;;;;;;;X;;
PROV23;プリマス;;;;;;;;;;X;;
PROV24;ウェックスフォード;;;;;;;;;;X;;
PROV25;コーク;;;;;;;;;;X;;
PROV26;ゴールウェイ;;;;;;;;;;X;;
PROV27;リフォード;;;;;;;;;;X;;
PROV28;ベルファスト;;;;;;;;;;X;;
PROV29;ロンドンデリー;;;;;;;;;;X;;
PROV30;ダブリン;;;;;;;;;;X;;
PROV31;マルタ島;;;;;;;;;;X;;
PROV32;ブレスト;;;;;;;;;;X;;
PROV33;レンヌ;;;;;;;;;;X;;
PROV34;ロリアン;;;;;;;;;;X;;
PROV35;ナント;;;;;;;;;;X;;
PROV36;ルマン;;;;;;;;;;X;;
PROV37;アヴランシュ;;;;;;;;;;X;;
PROV38;シェルブール;;;;;;;;;;X;;
PROV39;カーン;;;;;;;;;;X;;
PROV40;アルジャンタン;;;;;;;;;;X;;
PROV41;ルアーヴル;;;;;;;;;;X;;
PROV42;アミアン;;;;;;;;;;X;;
PROV43;ダンケルク;;;;;;;;;;X;;
PROV44;リール;;;;;;;;;;X;;
PROV45;ブルッヘ;;;;;;;;;;X;;
PROV46;ロッテルダム;;;;;;;;;;X;;
PROV47;アムステルダム;;;;;;;;;;X;;
PROV48;ミデルブルフ;;;;;;;;;;X;;
PROV49;アイントホーフェン;;;;;;;;;;X;;
PROV50;アントワープ;;;;;;;;;;X;;
PROV51;ブリュッセル;;;;;;;;;;X;;
PROV52;モンス;;;;;;;;;;X;;
PROV53;プラハティッエ;;;;;;;;;;X;;
PROV54;コンピエーニュ;;;;;;;;;;X;;
PROV55;ランス;;;;;;;;;;X;;
PROV56;パリ;;;;;;;;;;X;;
PROV57;シャルトル;;;;;;;;;;X;;
PROV58;トゥール;;;;;;;;;;X;;
PROV59;ボルドー;;;;;;;;;;X;;
PROV60;ポワチエ;;;;;;;;;;X;;
PROV61;ブールジュ;;;;;;;;;;X;;
PROV62;オルレアン;;;;;;;;;;X;;
PROV63;トロワ;;;;;;;;;;X;;
PROV64;シャロン＝シュル＝マルヌ;;;;;;;;;;X;;
PROV65;ナミュール;;;;;;;;;;X;;
PROV66;アーヘン;;;;;;;;;;X;;
PROV67;エッセン;;;;;;;;;;X;;
PROV68;リエージュ;;;;;;;;;;X;;
PROV69;ハッセルト;;;;;;;;;;X;;
PROV70;アーロン;;;;;;;;;;X;;
PROV71;ルクセンブルク;;;;;;;;;;X;;
PROV72;メス;;;;;;;;;;X;;
PROV73;ストラスブール;;;;;;;;;;X;;
PROV74;ザールブリュッケン;;;;;;;;;;X;;
PROV75;ケルン;;;;;;;;;;X;;
PROV76;デュッセルドルフ;;;;;;;;;;X;;
PROV77;アーネム;;;;;;;;;;X;;
PROV78;フローニンゲン;;;;;;;;;;X;;
PROV79;エンスヘーデ;;;;;;;;;;X;;
PROV80;ヴィルヘルムスハーフェン;;;;;;;;;;X;;
PROV81;ミュンスター;;;;;;;;;;X;;
PROV82;カッセル;;;;;;;;;;X;;
PROV83;バイロイト;;;;;;;;;;X;;
PROV84;エアフルト;;;;;;;;;;X;;
PROV85;ローゼンハイム;;;;;;;;;;X;;
PROV86;ハノーファー;;;;;;;;;;X;;
PROV87;ブレーメン;;;;;;;;;;X;;
PROV88;ハンブルク;;;;;;;;;;X;;
PROV89;リューベック;;;;;;;;;;X;;
PROV90;キール;;;;;;;;;;X;;
PROV91;オーベンロー;;;;;;;;;;X;;
PROV92;オールボー;;;;;;;;;;X;;
PROV93;マルメ;;;;;;;;;;X;;
PROV94;セルプホフ;;;;;;;;;;X;;
PROV95;マラジェチナ;;;;;;;;;;X;;
PROV96;ヴィスビュー;;;;;;;;;;X;;
PROV97;カルマル;;;;;;;;;;X;;
PROV98;イェーテボリ;;;;;;;;;;X;;
PROV99;シェヴデ;;;;;;;;;;X;;
PROV100;リンシェーピング;;;;;;;;;;X;;
PROV101;ストックホルム;;;;;;;;;;X;;
PROV102;スウォニム;;;;;;;;;;X;;
PROV103;マリエハムン;;;;;;;;;;X;;
PROV104;フレドリクスタ;;;;;;;;;;X;;
PROV105;オレブロ;;;;;;;;;;X;;
PROV106;カールシュタット;;;;;;;;;;X;;
PROV107;オスロ;;;;;;;;;;X;;
PROV108;クリスチャンサン;;;;;;;;;;X;;
PROV109;スタヴァンゲル;;;;;;;;;;X;;
PROV110;ライカンゲル;;;;;;;;;;X;;
PROV111;ハンメル;;;;;;;;;;X;;
PROV112;ドランメン;;;;;;;;;;X;;
PROV113;イェヴレ;;;;;;;;;;X;;
PROV114;シーエン;;;;;;;;;;X;;
PROV115;ムーラ;;;;;;;;;;X;;
PROV116;リレサンド;;;;;;;;;;X;;
PROV117;モルデ;;;;;;;;;;X;;
PROV118;トロンハイム;;;;;;;;;;X;;
PROV119;スンスバル;;;;;;;;;;X;;
PROV120;オーフス;;;;;;;;;;X;;
PROV121;ウーメオ;;;;;;;;;;X;;
PROV122;エスビャウ;;;;;;;;;;X;;
PROV123;テリヨキ;;;;;;;;;;X;;
PROV124;ボードー;;;;;;;;;;X;;
PROV125;トロムソ;;;;;;;;;;X;;
PROV126;キルナ;;;;;;;;;;X;;
PROV127;ルーレオ;;;;;;;;;;X;;
PROV128;アルタ;;;;;;;;;;X;;
PROV129;ベルゲン;;;;;;;;;;X;;
PROV130;ロヴァニエミ;;;;;;;;;;X;;
PROV131;トルニオ;;;;;;;;;;X;;
PROV132;ペツァモ;;;;;;;;;;X;;
PROV133;ムルマンスク;;;;;;;;;;X;;
PROV134;コーラ;;;;;;;;;;X;;
PROV135;カンダラクシャ;;;;;;;;;;X;;
PROV136;カヤーニ;;;;;;;;;;X;;
PROV137;オウル;;;;;;;;;;X;;
PROV138;ヴァーサ;;;;;;;;;;X;;
PROV139;タンペレ;;;;;;;;;;X;;
PROV140;ポリ;;;;;;;;;;X;;
PROV141;トゥルク;;;;;;;;;;X;;
PROV142;ヘルシンキ;;;;;;;;;;X;;
PROV143;サッラ;;;;;;;;;;X;;
PROV144;ラッペンランタ;;;;;;;;;;X;;
PROV145;ヴィープリ;;;;;;;;;;X;;
PROV146;ソルタヴァラ;;;;;;;;;;X;;
PROV147;クオピオ;;;;;;;;;;X;;
PROV148;ラハティ;;;;;;;;;;X;;
PROV149;ヨエンスー;;;;;;;;;;X;;
PROV150;ケミ;;;;;;;;;;X;;
PROV151;セゲージャ;;;;;;;;;;X;;
PROV152;ペトロザヴォーツク;;;;;;;;;;X;;
PROV153;キリロフ;;;;;;;;;;X;;
PROV154;アルハンゲリスク;;;;;;;;;;X;;
PROV155;シンフェロポリ;;;;;;;;;;X;;
PROV156;タンボフ;;;;;;;;;;X;;
PROV157;ボリソグレフスク;;;;;;;;;;X;;
PROV158;ウリヤノフスク;;;;;;;;;;X;;
PROV159;スロヴィーキノ;;;;;;;;;;X;;
PROV160;ウリュピンスク;;;;;;;;;;X;;
PROV161;カミャネチ＝ポジリシキィ;;;;;;;;;;X;;
PROV162;マイコープ;;;;;;;;;;X;;
PROV163;スターリングラード;;;;;;;;;;X;;
PROV164;カラチ＝ナ＝ドヌ;;;;;;;;;;X;;
PROV165;トチマ;;;;;;;;;;X;;
PROV166;ゴーリキー;;;;;;;;;;X;;
PROV167;イワノヴォ;;;;;;;;;;X;;
PROV168;アルザマス;;;;;;;;;;X;;
PROV169;サーソヴォ;;;;;;;;;;X;;
PROV170;ルイビンスク;;;;;;;;;;X;;
PROV171;ヴォログダ;;;;;;;;;;X;;
PROV172;ヴイテルガ;;;;;;;;;;X;;
PROV173;キームルィ;;;;;;;;;;X;;
PROV174;カリーニン;;;;;;;;;;X;;
PROV175;モスクワ;;;;;;;;;;X;;
PROV176;ザゴルスク;;;;;;;;;;X;;
PROV177;ヤロスラヴリ;;;;;;;;;;X;;
PROV178;ヴラジーミル;;;;;;;;;;X;;
PROV179;ムーロム;;;;;;;;;;X;;
PROV180;オレホヴォ＝ズエヴォ;;;;;;;;;;X;;
PROV181;コゼリスク;;;;;;;;;;X;;
PROV182;ヴャジマ;;;;;;;;;;X;;
PROV183;ケステニガ;;;;;;;;;;X;;
PROV184;ベロモルスク;;;;;;;;;;X;;
PROV185;チフヴィン;;;;;;;;;;X;;
PROV186;ルーガ;;;;;;;;;;X;;
PROV187;レニングラード;;;;;;;;;;X;;
PROV188;キンギセップ;;;;;;;;;;X;;
PROV189;クラスナグヴァルヂェイスク;;;;;;;;;;X;;
PROV190;ボロヴィチ;;;;;;;;;;X;;
PROV191;スタラヤ・ルーサ;;;;;;;;;;X;;
PROV192;グドフ;;;;;;;;;;X;;
PROV193;ナルヴァ;;;;;;;;;;X;;
PROV194;タリン;;;;;;;;;;X;;
PROV195;クレサーレ;;;;;;;;;;X;;
PROV196;パルヌ;;;;;;;;;;X;;
PROV197;リガ;;;;;;;;;;X;;
PROV198;ヴァルミエラ;;;;;;;;;;X;;
PROV199;タルヌ;;;;;;;;;;X;;
PROV200;ノヴゴルド;;;;;;;;;;X;;
PROV201;プスコフ;;;;;;;;;;X;;
PROV202;ダウガウピルス;;;;;;;;;;X;;
PROV203;エカピルス;;;;;;;;;;X;;
PROV204;エルガワ;;;;;;;;;;X;;
PROV205;リエパーヤ;;;;;;;;;;X;;
PROV206;シャウレイ;;;;;;;;;;X;;
PROV207;カウナス;;;;;;;;;;X;;
PROV208;ブィドゴシュチュ;;;;;;;;;;X;;
PROV209;グロドゥナ;;;;;;;;;;X;;
PROV210;ノボグルドク;;;;;;;;;;X;;
PROV211;カリシュ;;;;;;;;;;X;;
PROV212;ミンスク;;;;;;;;;;X;;
PROV213;グレボキエ;;;;;;;;;;X;;
PROV214;ビリニュス;;;;;;;;;;X;;
PROV215;ヴェリーキエ・ルーキ;;;;;;;;;;X;;
PROV216;ドノー;;;;;;;;;;X;;
PROV217;ヴィテブスク;;;;;;;;;;X;;
PROV218;オルシャ;;;;;;;;;;X;;
PROV219;スモレンスク;;;;;;;;;;X;;
PROV220;モギリフ;;;;;;;;;;X;;
PROV221;バブルイスク;;;;;;;;;;X;;
PROV222;ヴウォツワヴェク;;;;;;;;;;X;;
PROV223;インステルブルク;;;;;;;;;;X;;
PROV224;ザラエゲルセグ;;;;;;;;;;X;;
PROV225;モズイリ;;;;;;;;;;X;;
PROV226;ノヴォグラード=ヴォルインスキイ;;;;;;;;;;X;;
PROV227;ジトミール;;;;;;;;;;X;;
PROV228;ヴィニンツァ;;;;;;;;;;X;;
PROV229;タルノポリ;;;;;;;;;;X;;
PROV230;ベリツィ;;;;;;;;;;X;;
PROV231;モギリョフ＝ポドルスキ;;;;;;;;;;X;;
PROV232;バルタ;;;;;;;;;;X;;
PROV233;オデッサ;;;;;;;;;;X;;
PROV234;ムィコラーイウ;;;;;;;;;;X;;
PROV235;クリヴォイ・ログ;;;;;;;;;;X;;
PROV236;キロヴォグラード;;;;;;;;;;X;;
PROV237;チェルカッスイ;;;;;;;;;;X;;
PROV238;キエフ;;;;;;;;;;X;;
PROV239;ニジン;;;;;;;;;;X;;
PROV240;コーロステニ;;;;;;;;;;X;;
PROV241;チェルニヒフ;;;;;;;;;;X;;
PROV242;コノトプ;;;;;;;;;;X;;
PROV243;ゼレノゴルスク;;;;;;;;;;X;;
PROV244;スーミ;;;;;;;;;;X;;
PROV245;クリミンチューク;;;;;;;;;;X;;
PROV246;ポルタヴァ;;;;;;;;;;X;;
PROV247;ベルゴロド;;;;;;;;;;X;;
PROV248;ハリコフ;;;;;;;;;;X;;
PROV249;ザポリージャ;;;;;;;;;;X;;
PROV250;メリトポリ;;;;;;;;;;X;;
PROV251;ヘルソン;;;;;;;;;;X;;
PROV252;エフパトリヤ;;;;;;;;;;X;;
PROV253;セヴァストポリ;;;;;;;;;;X;;
PROV254;ケルチ;;;;;;;;;;X;;
PROV255;ノヴォロシースク;;;;;;;;;;X;;
PROV256;クラスノダール;;;;;;;;;;X;;
PROV257;サーリスク;;;;;;;;;;X;;
PROV258;マリウポリ;;;;;;;;;;X;;
PROV259;ルガンスク;;;;;;;;;;X;;
PROV260;スターリノ;ドネツィク;;;;;;;;;;;X
PROV261;アレクセエフカ;;;;;;;;;;X;;
PROV262;スタールイ・オスコル;;;;;;;;;;X;;
PROV263;ロッソ;;;;;;;;;;X;;
PROV264;パヴロフスク;;;;;;;;;;X;;
PROV265;カメンスク＝シャフチンスキー;;;;;;;;;;X;;
PROV266;クピャンスク;;;;;;;;;;X;;
PROV267;プロスクロフ;;;;;;;;;;X;;
PROV268;モロゾフスク;;;;;;;;;;X;;
PROV269;ロストフ・ナ・ドヌ;;;;;;;;;;X;;
PROV270;ヴォルゴドンスク;;;;;;;;;;X;;
PROV271;コンスタンチノフスク;;;;;;;;;;X;;
PROV272;スウツク;;;;;;;;;;X;;
PROV273;ラウバン;;;;;;;;;;X;;
PROV274;ホメリ;;;;;;;;;;X;;
PROV275;ロスラヴリ;;;;;;;;;;X;;
PROV276;オリョール;;;;;;;;;;X;;
PROV277;クリンツイ;;;;;;;;;;X;;
PROV278;リーヴヌィ;;;;;;;;;;X;;
PROV279;リャザン;;;;;;;;;;X;;
PROV280;バラショフ;;;;;;;;;;X;;
PROV281;ヴォロネジ;;;;;;;;;;X;;
PROV282;クルスク;;;;;;;;;;X;;
PROV283;エレツ;;;;;;;;;;X;;
PROV284;リペツク;;;;;;;;;;X;;
PROV285;サフォノヴォ;;;;;;;;;;X;;
PROV286;ネリドヴォ;;;;;;;;;;X;;
PROV287;キーリシ;;;;;;;;;;X;;
PROV288;ルジェフ;;;;;;;;;;X;;
PROV289;トルジョーク;;;;;;;;;;X;;
PROV290;エーレスンド;;;;;;;;;;X;;
PROV291;カルロヴァツ;;;;;;;;;;X;;
PROV292;フレゼリクスハウン;;;;;;;;;;X;;
PROV293;オーデンセ;;;;;;;;;;X;;
PROV294;コペンハーゲン;;;;;;;;;;X;;
PROV295;ボーンホルム島;;;;;;;;;;X;;
PROV296;ロストック;;;;;;;;;;X;;
PROV297;ノイルッピン;;;;;;;;;;X;;
PROV298;マグデブルク;;;;;;;;;;X;;
PROV299;ポツダム;;;;;;;;;;X;;
PROV300;ベルリン;;;;;;;;;;X;;
PROV301;シュトラールズント;;;;;;;;;;X;;
PROV302;シュテッティン;;;;;;;;;;X;;
PROV303;ダンツィヒ;;;;;;;;;;X;;
PROV304;エルビンク;;;;;;;;;;X;;
PROV305;プウォツク;;;;;;;;;;X;;
PROV306;グディニャ;;;;;;;;;;X;;
PROV307;トルン;;;;;;;;;;X;;
PROV308;メーゼリッツ;;;;;;;;;;X;;
PROV309;コットブス;;;;;;;;;;X;;
PROV310;ライプツィヒ;;;;;;;;;;X;;
PROV311;ドレスデン;;;;;;;;;;X;;
PROV312;ニュルンベルク;;;;;;;;;;X;;
PROV313;フランクフルト・アム・マイン;;;;;;;;;;X;;
PROV314;シュッツトガルト;;;;;;;;;;X;;
PROV315;フライブルク;;;;;;;;;;X;;
PROV316;ミュールーズ;;;;;;;;;;X;;
PROV317;エピナル;;;;;;;;;;X;;
PROV318;オセール;;;;;;;;;;X;;
PROV319;サン＝テティエンヌ;;;;;;;;;;X;;
PROV320;シャトールー;;;;;;;;;;X;;
PROV321;リモージュ;;;;;;;;;;X;;
PROV322;ペリグー;;;;;;;;;;X;;
PROV323;ラロシェル;;;;;;;;;;X;;
PROV324;モントーバン;;;;;;;;;;X;;
PROV325;モン＝ド＝マルサン;;;;;;;;;;X;;
PROV326;バイヨンヌ;;;;;;;;;;X;;
PROV327;オーシュ;;;;;;;;;;X;;
PROV328;フォワ;;;;;;;;;;X;;
PROV329;ウエスカ;;;;;;;;;;X;;
PROV330;サラゴサ;;;;;;;;;;X;;
PROV331;ビルバオ;;;;;;;;;;X;;
PROV332;オヴィエド;;;;;;;;;;X;;
PROV333;ブルゴス;;;;;;;;;;X;;
PROV334;ラコルニャ;;;;;;;;;;X;;
PROV335;オポルト;;;;;;;;;;X;;
PROV336;リスボン;;;;;;;;;;X;;
PROV337;コインブラ;;;;;;;;;;X;;
PROV338;カセレス;;;;;;;;;;X;;
PROV339;バヤドリッド;;;;;;;;;;X;;
PROV340;ソリア;;;;;;;;;;X;;
PROV341;マドリッド;;;;;;;;;;X;;
PROV342;トレド;;;;;;;;;;X;;
PROV343;バダホス;;;;;;;;;;X;;
PROV344;セトゥーバル;;;;;;;;;;X;;
PROV345;ベージャ;;;;;;;;;;X;;
PROV346;ウェルバ;;;;;;;;;;X;;
PROV347;セヴィーリャ;;;;;;;;;;X;;
PROV348;ジブラルタル;;;;;;;;;;X;;
PROV349;マラガ;;;;;;;;;;X;;
PROV350;グラナダ;;;;;;;;;;X;;
PROV351;コルドバ;;;;;;;;;;X;;
PROV352;ムルシア;;;;;;;;;;X;;
PROV353;シウダー・レアル;;;;;;;;;;X;;
PROV354;バレンシア;;;;;;;;;;X;;
PROV355;カステリョン・デ・ラ・プラナ;;;;;;;;;;X;;
PROV356;タラゴナ;;;;;;;;;;X;;
PROV357;バルセロナ;;;;;;;;;;X;;
PROV358;ペルピニャン;;;;;;;;;;X;;
PROV359;トゥールーズ;;;;;;;;;;X;;
PROV360;ヴィシー;;;;;;;;;;X;;
PROV361;クレルモン＝フェラン;;;;;;;;;;X;;
PROV362;モンペリエ;;;;;;;;;;X;;
PROV363;ニーム;;;;;;;;;;X;;
PROV364;マルセイユ;;;;;;;;;;X;;
PROV365;トゥーロン;;;;;;;;;;X;;
PROV366;ニース;;;;;;;;;;X;;
PROV367;アジャクシオ;コルシカ;;;;;;;;;;;X
PROV368;ジェノヴァ;;;;;;;;;;X;;
PROV369;パルマ;;;;;;;;;;X;;
PROV370;ミラノ;;;;;;;;;;X;;
PROV371;トレント;;;;;;;;;;X;;
PROV372;ルガーノ;;;;;;;;;;X;;
PROV373;ブレゲンツ;;;;;;;;;;X;;
PROV374;アウグスブルク;;;;;;;;;;X;;
PROV375;レーゲンスブルク;;;;;;;;;;X;;
PROV376;ミュンヘン;;;;;;;;;;X;;
PROV377;インスブルック;;;;;;;;;;X;;
PROV378;ヴェネティア;;;;;;;;;;X;;
PROV379;ブレシア;;;;;;;;;;X;;
PROV380;リュブリャナ;;;;;;;;;;X;;
PROV381;ザダル;;;;;;;;;;X;;
PROV382;ザグレブ;;;;;;;;;;X;;
PROV383;バニャルカ;;;;;;;;;;X;;
PROV384;スプリット;;;;;;;;;;X;;
PROV385;サラエヴォ;;;;;;;;;;X;;
PROV386;トゥズラ;;;;;;;;;;X;;
PROV387;モスタル;;;;;;;;;;X;;
PROV388;ドブロブニク;;;;;;;;;;X;;
PROV389;ツェティニェ;;;;;;;;;;X;;
PROV390;ティラナ;;;;;;;;;;X;;
PROV391;ヴロレ;;;;;;;;;;X;;
PROV392;イオアニナ;;;;;;;;;;X;;
PROV393;ケファロニア;;;;;;;;;;X;;
PROV394;パトラス;;;;;;;;;;X;;
PROV395;コリントス;;;;;;;;;;X;;
PROV396;イラクリオン;クレタ;;;;;;;;;;;X
PROV397;マルマラ海;;;;;;;;;;X;;
PROV398;カリムノス;ドデカネス諸島;;;;;;;;;;;X
PROV399;ロードス;;;;;;;;;;X;;
PROV400;ハルキス;;;;;;;;;;X;;
PROV401;アテネ;;;;;;;;;;X;;
PROV402;ラリーサ;;;;;;;;;;X;;
PROV403;ラミア;;;;;;;;;;X;;
PROV404;ハイファ;;;;;;;;;;X;;
PROV405;ミティリーニ;;;;;;;;;;X;;
PROV406;ベエルシェバ;;;;;;;;;;X;;
PROV407;ザルカ;;;;;;;;;;X;;
PROV408;ブルサ;;;;;;;;;;X;;
PROV409;イスタンブール;;;;;;;;;;X;;
PROV410;コモティニ;;;;;;;;;;X;;
PROV411;テッサロニキ;;;;;;;;;;X;;
PROV412;コザニ;;;;;;;;;;X;;
PROV413;スコピエ;;;;;;;;;;X;;
PROV414;クマノヴォ;;;;;;;;;;X;;
PROV415;プリスティナ;;;;;;;;;;X;;
PROV416;ゴルナ・ジュマヤ;;;;;;;;;;X;;
PROV417;ソフィア;;;;;;;;;;X;;
PROV418;ニーシュ;;;;;;;;;;X;;
PROV419;ヴィディン;;;;;;;;;;X;;
PROV420;プレヴェン;;;;;;;;;;X;;
PROV421;プロヴディフ;;;;;;;;;;X;;
PROV422;ブルガス;;;;;;;;;;X;;
PROV423;ドブリチ;;;;;;;;;;X;;
PROV424;ブカレスト;;;;;;;;;;X;;
PROV425;ジュルジュ;;;;;;;;;;X;;
PROV426;クライオヴァ;;;;;;;;;;X;;
PROV427;アルバ・ユリア;;;;;;;;;;X;;
PROV428;クルジュナポカ;;;;;;;;;;X;;
PROV429;バカウ;;;;;;;;;;X;;
PROV430;シビウ;;;;;;;;;;X;;
PROV431;プロエスティ;;;;;;;;;;X;;
PROV432;ブライラ;;;;;;;;;;X;;
PROV433;ヤシ;;;;;;;;;;X;;
PROV434;キシネフ;;;;;;;;;;X;;
PROV435;イスマイル;;;;;;;;;;X;;
PROV436;コンスタンツァ;;;;;;;;;;X;;
PROV437;イズミル;;;;;;;;;;X;;
PROV438;アンタリヤ;;;;;;;;;;X;;
PROV439;アダパザル;;;;;;;;;;X;;
PROV440;カラビュク;;;;;;;;;;X;;
PROV441;ゾングルダク;;;;;;;;;;X;;
PROV442;コンヤ;;;;;;;;;;X;;
PROV443;タルスス;;;;;;;;;;X;;
PROV444;ニコシア;;;;;;;;;;X;;
PROV445;アダナ;;;;;;;;;;X;;
PROV446;アルダハン;;;;;;;;;;X;;
PROV447;サムスン;;;;;;;;;;X;;
PROV448;アンカラ;;;;;;;;;;X;;
PROV449;オルドゥ;;;;;;;;;;X;;
PROV450;トレビゾンド;;;;;;;;;;X;;
PROV451;ニシュ;;;;;;;;;;X;;
PROV452;ウジツェ;;;;;;;;;;X;;
PROV453;ベオグラード;;;;;;;;;;X;;
PROV454;オシエク;;;;;;;;;;X;;
PROV455;ビェロバル;;;;;;;;;;X;;
PROV456;ペーチ;;;;;;;;;;X;;
PROV457;ブダペスト;;;;;;;;;;X;;
PROV458;セーケシュフェヘールヴァール;;;;;;;;;;X;;
PROV459;マリボール;;;;;;;;;;X;;
PROV460;グラーツ;;;;;;;;;;X;;
PROV461;クラーゲンフルト;;;;;;;;;;X;;
PROV462;ザルツブルク;;;;;;;;;;X;;
PROV463;ウィーン;;;;;;;;;;X;;
PROV464;ホラブルン;;;;;;;;;;X;;
PROV465;フライシュタット;;;;;;;;;;X;;
PROV466;カルロヴィ・ヴァリ;;;;;;;;;;X;;
PROV467;ズノイモ;;;;;;;;;;X;;
PROV468;フラデツ・クラーロヴェー;;;;;;;;;;X;;
PROV469;プラハ;;;;;;;;;;X;;
PROV470;ピルセン;;;;;;;;;;X;;
PROV471;リベレツ;;;;;;;;;;X;;
PROV472;オパヴァ;;;;;;;;;;X;;
PROV473;ブレスラウ;;;;;;;;;;X;;
PROV474;オストラヴァ;;;;;;;;;;X;;
PROV475;ブルノ;;;;;;;;;;X;;
PROV476;ブラティスラヴァ;;;;;;;;;;X;;
PROV477;バンスカービストリツァ;;;;;;;;;;X;;
PROV478;ジリナ;;;;;;;;;;X;;
PROV479;クラクフ;;;;;;;;;;X;;
PROV480;チェンストホーヴァ;;;;;;;;;;X;;
PROV481;ウッチ;;;;;;;;;;X;;
PROV482;オッペルン;;;;;;;;;;X;;
PROV483;ポズナン;;;;;;;;;;X;;
PROV484;ラドム;;;;;;;;;;X;;
PROV485;ワルシャワ;;;;;;;;;;X;;
PROV486;カトヴィツェ;;;;;;;;;;X;;
PROV487;ルブリン;;;;;;;;;;X;;
PROV488;ジェシュフ;;;;;;;;;;X;;
PROV489;タルヌフ;;;;;;;;;;X;;
PROV490;コシチェ;;;;;;;;;;X;;
PROV491;ミシュコルツ;;;;;;;;;;X;;
PROV492;ゼゲド;;;;;;;;;;X;;
PROV493;ノヴィサド;;;;;;;;;;X;;
PROV494;ペトログラード;;;;;;;;;;X;;
PROV495;ティムショハラ;;;;;;;;;;X;;
PROV496;アラド;;;;;;;;;;X;;
PROV497;デブレツェン;;;;;;;;;;X;;
PROV498;オラデア;;;;;;;;;;X;;
PROV499;ウージュホロド;;;;;;;;;;X;;
PROV500;ストルイイ;;;;;;;;;;X;;
PROV501;リヴォフ;;;;;;;;;;X;;
PROV502;リヴネ;;;;;;;;;;X;;
PROV503;ブレスト・リフトスク;;;;;;;;;;X;;
PROV504;シェドルツェ;;;;;;;;;;X;;
PROV505;ビェルスク;;;;;;;;;;X;;
PROV506;ルーツィク;;;;;;;;;;X;;
PROV507;スタニスラオ;;;;;;;;;;X;;
PROV508;オストロウェンカ;;;;;;;;;;X;;
PROV509;スヴァウキ;;;;;;;;;;X;;
PROV510;ケーニヒスベルク;;;;;;;;;;X;;
PROV511;アリツゥス;;;;;;;;;;X;;
PROV512;ボローニャ;;;;;;;;;;X;;
PROV513;フィレンツェ;;;;;;;;;;X;;
PROV514;アンコーナ;;;;;;;;;;X;;
PROV515;ローマ;;;;;;;;;;X;;
PROV516;ペルージャ;;;;;;;;;;X;;
PROV517;ペスカラ;;;;;;;;;;X;;
PROV518;ラクイラ;;;;;;;;;;X;;
PROV519;ラティーナ;;;;;;;;;;X;;
PROV520;フォッジア;;;;;;;;;;X;;
PROV521;ナポリ;;;;;;;;;;X;;
PROV522;ポテンツァ;;;;;;;;;;X;;
PROV523;ターラント;;;;;;;;;;X;;
PROV524;レッジョ・ディ・カラブリア;;;;;;;;;;X;;
PROV525;パレルモ;;;;;;;;;;X;;
PROV526;メッシーナ;;;;;;;;;;X;;
PROV527;グルノーブル;;;;;;;;;;X;;
PROV528;アヴィニョン;;;;;;;;;;X;;
PROV529;リヨン;;;;;;;;;;X;;
PROV530;ジュネーヴ;;;;;;;;;;X;;
PROV531;トリノ;;;;;;;;;;X;;
PROV532;ベルン;;;;;;;;;;X;;
PROV533;チューリッヒ;;;;;;;;;;X;;
PROV534;カリャリ;サルディーニャ;;;;;;;;;;;X
PROV535;パルマ・デ・マリョルカ;;;;;;;;;;X;;
PROV536;ジローナ;;;;;;;;;;X;;
PROV537;リェイダ;;;;;;;;;;X;;
PROV538;ハミルトン;バミューダ;;;;;;;;;;;X
PROV539;マナグア;;;;;;;;;;X;;
PROV540;サンノゼ;;;;;;;;;;X;;
PROV541;ヴァンクーヴァー;;;;;;;;;;X;;
PROV542;リヴォルノ;;;;;;;;;;X;;
PROV543;カッシーノ;;;;;;;;;;X;;
PROV544;カターニア;;;;;;;;;;X;;
PROV545;サッサリ;サルディーニャ;;;;;;;;;;;X
PROV546;フランクフルト・アン・デア・オーダー;;;;;;;;;;X;;
PROV547;ヴュルツブルク;;;;;;;;;;X;;
PROV548;ディバリングハム;;;;;;;;;;X;;
PROV549;アンカレッジ;;;;;;;;;;X;;
PROV550;セラウィカ;;;;;;;;;;X;;
PROV551;プエルト・バケリソ・モレノ;ガラパゴス;;;;;;;;;;;X
PROV552;ホワイトホース;;;;;;;;;;X;;
PROV553;ジュノー;;;;;;;;;;X;;
PROV554;フォート・セント・ジョン;;;;;;;;;;X;;
PROV555;フォート・ヴァーミリオン;;;;;;;;;;X;;
PROV556;ヴィクトリア;;;;;;;;;;X;;
PROV557;鶴山;ヘシャン;;;;;;;;;;;X
PROV558;イエローナイフ;;;;;;;;;;X;;
PROV559;桂林;グゥイリン;;;;;;;;;;;X
PROV560;ランキン・インレット;;;;;;;;;;X;;
PROV561;フィリップスブルフ;アンティル諸島;;;;;;;;;;;X
PROV562;ピンスク;;;;;;;;;;X;;
PROV563;シティア;クレタ;;;;;;;;;;;X
PROV564;フォート・ルパート;ケベック;;;;;;;;;;;X
PROV565;スーセントマリー;;;;;;;;;;X;;
PROV566;フリン・フロン;;;;;;;;;;X;;
PROV567;マリゴット;アンティル諸島;;;;;;;;;;;X
PROV568;雲浮;ユンフー;;;;;;;;;;;X
PROV569;ウィニペグ;;;;;;;;;;X;;
PROV570;肇慶;チャオチン;;;;;;;;;;;X
PROV571;フォート・ウィリアム;;;;;;;;;;X;;
PROV572;バセテール;アンティル諸島;;;;;;;;;;;X
PROV573;コックバーンタウン;カリブ;;;;;;;;;;;X
PROV574;ケベックシティ;;;;;;;;;;X;;
PROV575;ネーン;;;;;;;;;;X;;
PROV576;セントジョン;;;;;;;;;;X;;
PROV577;パネヴェジス;;;;;;;;;;X;;
PROV578;シャーロットタウン;;;;;;;;;;X;;
PROV579;ハリファックス;;;;;;;;;;X;;
PROV580;フレデリクトン;;;;;;;;;;X;;
PROV581;サン＝ピエール;;;;;;;;;;X;;
PROV582;バンゴー;;;;;;;;;;X;;
PROV583;ルイストン;;;;;;;;;;X;;
PROV584;ジョージタウン;ケイマン諸島;;;;;;;;;;;X
PROV585;モントリオール;;;;;;;;;;X;;
PROV586;ロゾー;ドミニカ/アンティル諸島;;;;;;;;;;;X
PROV587;プリマス;モントセラト/アンティル諸島;;;;;;;;;;;X
PROV588;オタワ;;;;;;;;;;X;;
PROV589;トロント;;;;;;;;;;X;;
PROV590;ハミルトン;;;;;;;;;;X;;
PROV591;キングストン;アンティル諸島;;;;;;;;;;;X
PROV592;シラキュース;;;;;;;;;;X;;
PROV593;マンドヴィー;;;;;;;;;;X;;
PROV594;バーリントン;;;;;;;;;;X;;
PROV595;コンコード;;;;;;;;;;X;;
PROV596;ウスター;;;;;;;;;;X;;
PROV597;スーラト;;;;;;;;;;X;;
PROV598;アルバニー;ニューヨーク;;;;;;;;;;;X
PROV599;カーンプル;;;;;;;;;;X;;
PROV600;ボストン;;;;;;;;;;X;;
PROV601;プロビデンス;;;;;;;;;;X;;
PROV602;ニューヨーク;;;;;;;;;;X;;
PROV603;ニューアーク;;;;;;;;;;X;;
PROV604;ハリスバーグ;;;;;;;;;;X;;
PROV605;ドーバー;デラウェア;;;;;;;;;;;X
PROV606;ワシントンD.C.;;;;;;;;;;X;;
PROV607;ボルティモア;;;;;;;;;;X;;
PROV608;フィラデルフィア;;;;;;;;;;X;;
PROV609;セントメアリー;;;;;;;;;;X;;
PROV610;スクラトン;;;;;;;;;;X;;
PROV611;コター;ラジャスタン;;;;;;;;;;;X
PROV612;バッファロー;;;;;;;;;;X;;
PROV613;フォート・ウェイン;;;;;;;;;;X;;
PROV614;ピッツバーグ;;;;;;;;;;X;;
PROV615;クリーヴランド;;;;;;;;;;X;;
PROV616;デトロイト;;;;;;;;;;X;;
PROV617;グランドラピッズ;;;;;;;;;;X;;
PROV618;アルトゥーナ;;;;;;;;;;X;;
PROV619;コロンビア;;;;;;;;;;X;;
PROV620;シカゴ;;;;;;;;;;X;;
PROV621;ミルウォーキー;;;;;;;;;;X;;
PROV622;マルケット;;;;;;;;;;X;;
PROV623;グリーンベイ;;;;;;;;;;X;;
PROV624;デモイン;;;;;;;;;;X;;
PROV625;ピオリア;;;;;;;;;;X;;
PROV626;ディケイター;;;;;;;;;;X;;
PROV627;インディアナポリス;;;;;;;;;;X;;
PROV628;コロンブス;;;;;;;;;;X;;
PROV629;クラークスバーグ;;;;;;;;;;X;;
PROV630;ハンティントン;;;;;;;;;;X;;
PROV631;インドール;;;;;;;;;;X;;
PROV632;ノーフォーク;;;;;;;;;;X;;
PROV633;リッチモンド;;;;;;;;;;X;;
PROV634;ウィルミトン;;;;;;;;;;X;;
PROV635;ラーイガル;;;;;;;;;;X;;
PROV636;ラレー;;;;;;;;;;X;;
PROV637;シャーロット;;;;;;;;;;X;;
PROV638;アーリントン;;;;;;;;;;X;;
PROV639;ロアノーク;;;;;;;;;;X;;
PROV640;レキシントン;;;;;;;;;;X;;
PROV641;ルイスヴィル;;;;;;;;;;X;;
PROV642;ノックスビル;;;;;;;;;;X;;
PROV643;アッシュヴィル;;;;;;;;;;X;;
PROV644;チャールストン;;;;;;;;;;X;;
PROV645;グリーンビル;;;;;;;;;;X;;
PROV646;サヴァンナ;;;;;;;;;;X;;
PROV647;マコン;;;;;;;;;;X;;
PROV648;ジャクソンヴィル;;;;;;;;;;X;;
PROV649;タンパ;;;;;;;;;;X;;
PROV650;オーランド;;;;;;;;;;X;;
PROV651;マイアミ;;;;;;;;;;X;;
PROV652;ナッソー;バハマ;;;;;;;;;;;X
PROV653;エルムポリ;キクラデス諸島;;;;;;;;;;;X
PROV654;サン・クリストバル・デ・ラ・ハバナ;;;;;;;;;;X;;
PROV655;サンタクララ;;;;;;;;;;X;;
PROV656;カマグエイ;;;;;;;;;;X;;
PROV657;サンチアゴ・デ・クーバ;;;;;;;;;;X;;
PROV658;ヒロ;ハワイ;;;;;;;;;;;X
PROV659;カフルイ;ハワイ;;;;;;;;;;;X
PROV660;リフエ;ハワイ;;;;;;;;;;;X
PROV661;ルンバン;;;;;;;;;;X;;
PROV662;ミッドウェー;;;;;;;;;;X;;
PROV663;ホノルル;;;;;;;;;;X;;
PROV664;コルチャ;;;;;;;;;;X;;
PROV665;シュコドラ;;;;;;;;;;X;;
PROV666;トリエステ;;;;;;;;;;X;;
PROV667;ラプラタ;;;;;;;;;;X;;
PROV668;ウーディネ;;;;;;;;;;X;;
PROV669;ブルハーンプル;;;;;;;;;;X;;
PROV670;アトランタ;;;;;;;;;;X;;
PROV671;ナッシュビル;;;;;;;;;;X;;
PROV672;モンゴメリー;アラバマ;;;;;;;;;;;X
PROV673;メンフィス;;;;;;;;;;X;;
PROV674;崇左;チョンズオ;;;;;;;;;;;X
PROV675;ジャクソン;;;;;;;;;;X;;
PROV676;ペンサコーラ;;;;;;;;;;X;;
PROV677;タラハシー;;;;;;;;;;X;;
PROV678;モービル;;;;;;;;;;X;;
PROV679;ニューオリンズ;;;;;;;;;;X;;
PROV680;ラファイエット;ルイジアナ;;;;;;;;;;;X
PROV681;シュリーブポート;ルイジアナ;;;;;;;;;;;X
PROV682;モンロー;;;;;;;;;;X;;
PROV683;リトルロック;;;;;;;;;;X;;
PROV684;ジョーンズボロ;アーカンソー;;;;;;;;;;;X
PROV685;デヘラードゥーン;;;;;;;;;;X;;
PROV686;オースティン;テキサス;;;;;;;;;;;X
PROV687;シムラ;;;;;;;;;;X;;
PROV688;プリングフィールド ;ミズーリ;;;;;;;;;;;X
PROV689;セントルイス;;;;;;;;;;X;;
PROV690;セントジョセフ;ミズーリ;;;;;;;;;;;X
PROV691;シーダーラピッツ;;;;;;;;;;X;;
PROV692;アップルトン;;;;;;;;;;X;;
PROV693;ロチェスター;ミネソタ;;;;;;;;;;;X
PROV694;セントポール;ミネソタ;;;;;;;;;;;X
PROV695;徳保;ドゥーバオ;;;;;;;;;;;X
PROV696;広州湾租借地;;;;;;;;;;X;;
PROV697;アウランガーバード;;;;;;;;;;X;;
PROV698;ファーゴ;;;;;;;;;;X;;
PROV699;ビスマルク;;;;;;;;;;X;;
PROV700;ドーハ;;;;;;;;;;X;;
PROV701;ボーズマン;モンタナ;;;;;;;;;;;X
PROV702;ラーヤチュール;;;;;;;;;;X;;
PROV703;ソーラープル;;;;;;;;;;X;;
PROV704;キャスパー;;;;;;;;;;X;;
PROV705;ビリングス;;;;;;;;;;X;;
PROV706;グレンウッド・スプリングス;コロラド;;;;;;;;;;;X
PROV707;デンヴァー;;;;;;;;;;X;;
PROV708;グランドジャンクション;;;;;;;;;;X;;
PROV709;コロラドスプリングス;コロラド;;;;;;;;;;;X
PROV710;アルビール;;;;;;;;;;X;;
PROV711;タイラー;テキサス;;;;;;;;;;;X
PROV712;プエブロ;;;;;;;;;;X;;
PROV713;ロートン;;;;;;;;;;X;;
PROV714;ジャバルプル;;;;;;;;;;X;;
PROV715;ダラス;;;;;;;;;;X;;
PROV716;ヒューストン;;;;;;;;;;X;;
PROV717;サンアントニオ;;;;;;;;;;X;;
PROV718;エルパソ;;;;;;;;;;X;;
PROV719;ラボック;;;;;;;;;;X;;
PROV720;玉林;ユーリン;;;;;;;;;;;X
PROV721;アマリロ;;;;;;;;;;X;;
PROV722;ボーパール;;;;;;;;;;X;;
PROV723;ダビッド;パナマ;;;;;;;;;;;X
PROV724;ロズウェル;;;;;;;;;;X;;
PROV725;サンタフェ;;;;;;;;;;X;;
PROV726;プネー;;;;;;;;;;X;;
PROV727;アルバカーキ;;;;;;;;;;X;;
PROV728;フェニックス;;;;;;;;;;X;;
PROV729;ワランガル;;;;;;;;;;X;;
PROV730;ツーソン;;;;;;;;;;X;;
PROV731;フラッグスタッフ;アリゾナ;;;;;;;;;;;X
PROV732;ロックスプリングス;ニューメキシコ;;;;;;;;;;;X
PROV733;ソルトレイクシティ;;;;;;;;;;X;;
PROV734;ラスヴェガス;;;;;;;;;;X;;
PROV735;サンバーナーディーノ;カリフォルニア;;;;;;;;;;;X
PROV736;ダラムシャーラー;;;;;;;;;;X;;
PROV737;ティフアナ;メキシコ;;;;;;;;;;;X
PROV738;グアダラハラ;メキシコ;;;;;;;;;;;X
PROV739;エルモシージョ;;;;;;;;;;X;;
PROV740;シウダー・フアレス;;;;;;;;;;X;;
PROV741;プエブラ;;;;;;;;;;X;;
PROV742;サルティーヨ;;;;;;;;;;X;;
PROV743;クリアカン;;;;;;;;;;X;;
PROV744;アグアスカリエンテス;;;;;;;;;;X;;
PROV745;モンレテー;;;;;;;;;;X;;
PROV746;三亜;サンヤー/海南島;;;;;;;;;;;X
PROV747;レオン;;;;;;;;;;X;;
PROV748;コーパスクリスティ;テキサス;;;;;;;;;;;X
PROV749;マタモロス;;;;;;;;;;X;;
PROV750;モレリア;;;;;;;;;;X;;
PROV751;アカプルコ;;;;;;;;;;X;;
PROV752;メキシコシティ;;;;;;;;;;X;;
PROV753;ベラクルス;;;;;;;;;;X;;
PROV754;オアハカ;;;;;;;;;;X;;
PROV755;トゥストラ・グティエレス;;;;;;;;;;X;;
PROV756;メリダ;;;;;;;;;;X;;
PROV757;グアテマラシティ;;;;;;;;;;X;;
PROV758;ベリーズシティ;;;;;;;;;;X;;
PROV759;サンサルバドル;;;;;;;;;;X;;
PROV760;テグシガルパ;;;;;;;;;;X;;
PROV761;サンディエゴ;;;;;;;;;;X;;
PROV762;ロスアンジェルス;;;;;;;;;;X;;
PROV763;フレズノ;;;;;;;;;;X;;
PROV764;サクラメント;;;;;;;;;;X;;
PROV765;サンフランシスコ;;;;;;;;;;X;;
PROV766;レディング;;;;;;;;;;X;;
PROV767;セントジョージ;;;;;;;;;;X;;
PROV768;レノ;;;;;;;;;;X;;
PROV769;ニザマバード;;;;;;;;;;X;;
PROV770;アイダホ・フォールズ;;;;;;;;;;X;;
PROV771;ナルゴンダ;;;;;;;;;;X;;
PROV772;ミズーラ;;;;;;;;;;X;;
PROV773;コインバトール;;;;;;;;;;X;;
PROV774;セーラム;;;;;;;;;;X;;
PROV775;マイソール;;;;;;;;;;X;;
PROV776;ボイシ;アイダホ;;;;;;;;;;;X
PROV777;ポンディシェリ;;;;;;;;;;X;;
PROV778;メドフォード;オクラホマ;;;;;;;;;;;X
PROV779;ヤキマ;ワシントン;;;;;;;;;;;X
PROV780;シアトル;;;;;;;;;;X;;
PROV781;アディラーバード;;;;;;;;;;X;;
PROV782;タコマ;;;;;;;;;;X;;
PROV783;ポートランド;;;;;;;;;;X;;
PROV784;ベンド;オレゴン;;;;;;;;;;;X
PROV785;ナーグプル;;;;;;;;;;X;;
PROV786;ユージン;;;;;;;;;;X;;
PROV787;ラピッドシティ;;;;;;;;;;X;;
PROV788;シューフォールズ;;;;;;;;;;X;;
PROV789;リンカーン;ネブラスカ;;;;;;;;;;;X
PROV790;オマハ;;;;;;;;;;X;;
PROV791;バランギル;;;;;;;;;;X;;
PROV792;カンザスシティ;ミズーリ;;;;;;;;;;;X
PROV793;オクラホマシティ;;;;;;;;;;X;;
PROV794;シャーロット・アマリー;ヴァージン諸島;;;;;;;;;;;X
PROV795;バレー;アンティル諸島;;;;;;;;;;;X
PROV796;エドモントン;;;;;;;;;;X;;
PROV797;カルガリー;;;;;;;;;;X;;
PROV798;サスカトゥーン;;;;;;;;;;X;;
PROV799;レジーナ;;;;;;;;;;X;;
PROV800;グリーンランド;;;;;;;;;;X;;
PROV801;ウィレムスタッド;カリブ;;;;;;;;;;;X
PROV802;バルキシメト;;;;;;;;;;X;;
PROV803;ククタ;;;;;;;;;;X;;
PROV804;マラカイボ;;;;;;;;;;X;;
PROV805;カストリーズ;セントルシア/アンティル諸島;;;;;;;;;;;X
PROV806;セントジョージス;アンティル諸島;;;;;;;;;;;X
PROV807;ブリッジタウン;アンティル諸島;;;;;;;;;;;X
PROV808;スカボロー;アンティル諸島;;;;;;;;;;;X
PROV809;ポートオブスペイン;アンティル諸島;;;;;;;;;;;X
PROV810;マトゥリン;;;;;;;;;;X;;
PROV811;バリナス;;;;;;;;;;X;;
PROV812;ボゴタ;;;;;;;;;;X;;
PROV813;メデリン;;;;;;;;;;X;;
PROV814;グアヤキル;;;;;;;;;;X;;
PROV815;キト;;;;;;;;;;X;;
PROV816;トルヒーヨ;;;;;;;;;;X;;
PROV817;プジョ;エクアドル;;;;;;;;;;;X
PROV818;イキトス;;;;;;;;;;X;;
PROV819;フロレンシア;;;;;;;;;;X;;
PROV820;マナカプル;ブラジル;;;;;;;;;;;X
PROV821;プカルパ;;;;;;;;;;X;;
PROV822;リオブランコ;;;;;;;;;;X;;
PROV823;テフェ;;;;;;;;;;X;;
PROV824;ポルト・ヴェーリョ;;;;;;;;;;X;;
PROV825;マラバ;;;;;;;;;;X;;
PROV826;レシフェ;;;;;;;;;;X;;
PROV827;サンタクルーズ;;;;;;;;;;X;;
PROV828;コビハ;;;;;;;;;;X;;
PROV829;クスコ;;;;;;;;;;X;;
PROV830;リマ;;;;;;;;;;X;;
PROV831;アレキパ;;;;;;;;;;X;;
PROV832;ラパス;;;;;;;;;;X;;
PROV833;サルト;ウルグアイ;;;;;;;;;;;X
PROV834;クイアバ;;;;;;;;;;X;;
PROV835;カンポ・グランデ;;;;;;;;;;X;;
PROV836;トリニダ;ボリビア;;;;;;;;;;;X
PROV837;ビジャ・アジェス;パラグアイ;;;;;;;;;;;X
PROV838;スクレ;;;;;;;;;;X;;
PROV839;イキケ;チリ;;;;;;;;;;;X
PROV840;アントファガスタ;;;;;;;;;;X;;
PROV841;ヴェルダン;;;;;;;;;;X;;
PROV842;プンタアレナス;;;;;;;;;;X;;
PROV843;サルタ;;;;;;;;;;X;;
PROV844;レシステンシア;;;;;;;;;;X;;
PROV845;ロサリオ;;;;;;;;;;X;;
PROV846;アスンシオン;パラグアイ;;;;;;;;;;;X
PROV847;クリチバ;;;;;;;;;;X;;
PROV848;ポルト・アレグレ;;;;;;;;;;X;;
PROV849;モンテビデオ;;;;;;;;;;X;;
PROV850;コリエンテス;;;;;;;;;;X;;
PROV851;ブエノスアイレス;;;;;;;;;;X;;
PROV852;コルドバ;;;;;;;;;;X;;
PROV853;サン・ミゲル・デ・トゥクマン;;;;;;;;;;X;;
PROV854;メンドーサ;;;;;;;;;;X;;
PROV855;サンフアン;;;;;;;;;;X;;
PROV856;バルパライソ;チリ;;;;;;;;;;;X
PROV857;マル・デル・プラタ;;;;;;;;;;X;;
PROV858;リオ・ガジェーゴス;;;;;;;;;;X;;
PROV859;コモドロ・リバダビア;;;;;;;;;;X;;
PROV860;サンティアゴ;チリ;;;;;;;;;;;X
PROV861;タルカワノ;チリ;;;;;;;;;;;X
PROV862;ネウケン;;;;;;;;;;X;;
PROV863;ウシュアイア;;;;;;;;;;X;;
PROV864;テムコ;チリ;;;;;;;;;;;X
PROV865;ベンセレーモス;チリ;;;;;;;;;;;X
PROV866;スタンレー;フォークランド諸島;;;;;;;;;;;X
PROV867;ビヤビセンシオ;;;;;;;;;;X;;
PROV868;カリ;;;;;;;;;;X;;
PROV869;シウダードボリバル;;;;;;;;;;X;;
PROV870;カラカス;;;;;;;;;;X;;
PROV871;バルティカ;ガイアナ;;;;;;;;;;;X
PROV872;マナウス;;;;;;;;;;X;;
PROV873;ジョージタウン;ガイアナ;;;;;;;;;;;X
PROV874;パラマリボ;;;;;;;;;;X;;
PROV875;カイエンヌ;;;;;;;;;;X;;
PROV876;テレジーナ;;;;;;;;;;X;;
PROV877;ベレン;;;;;;;;;;X;;
PROV878;バレイラス;;;;;;;;;;X;;
PROV879;サン・ルイス;;;;;;;;;;X;;
PROV880;フォルタレーザ;;;;;;;;;;X;;
PROV881;ナタール;;;;;;;;;;X;;
PROV882;サルバドール;;;;;;;;;;X;;
PROV883;ゴイアス;;;;;;;;;;X;;
PROV884;ヴィートリア;;;;;;;;;;X;;
PROV885;リオデジャネイロ;;;;;;;;;;X;;
PROV886;サンパウロ;;;;;;;;;;X;;
PROV887;ベロ・オリゾンテ;;;;;;;;;;X;;
PROV888;パナマ市;;;;;;;;;;X;;
PROV889;バルボア;パナマ運河;;;;;;;;;;;X
PROV890;バランキヤ;;;;;;;;;;X;;
PROV891;キングストン;ジャマイカ;;;;;;;;;;;X
PROV892;ポルトープランス;;;;;;;;;;X;;
PROV893;シウダー・トルヒーヨ;サントドミンゴ;;;;;;;;;;;X
PROV894;グァンタナモ海軍基地;;;;;;;;;;X;;
PROV895;サンフアン;プエルトリコ;;;;;;;;;;;X
PROV896;ロードタウン;ヴァージン諸島;;;;;;;;;;;X
PROV897;セントジョージズ;アンティル諸島;;;;;;;;;;;X
PROV898;バステール;アンティル諸島;;;;;;;;;;;X
PROV899;フォール＝ド＝フランス;アンティル諸島;;;;;;;;;;;X
PROV900;ポートサイド;;;;;;;;;;X;;
PROV901;スエズ;;;;;;;;;;X;;
PROV902;ディムヤート;;;;;;;;;;X;;
PROV903;カイロ;;;;;;;;;;X;;
PROV904;ギザ;;;;;;;;;;X;;
PROV905;アルファイユーム;;;;;;;;;;X;;
PROV906;タンタ;;;;;;;;;;X;;
PROV907;アレクサンドリア;;;;;;;;;;X;;
PROV908;ベセル;;;;;;;;;;X;;
PROV909;アルカラー;;;;;;;;;;X;;
PROV910;エルアラメイン;;;;;;;;;;X;;
PROV911;シディ・アブドラ・ラマン;;;;;;;;;;X;;
PROV912;モハラ;;;;;;;;;;X;;
PROV913;シーワ;;;;;;;;;;X;;
PROV914;マルサマトルーフ;;;;;;;;;;X;;
PROV915;シディバラニ;;;;;;;;;;X;;
PROV916;カプッツォ砦;;;;;;;;;;X;;
PROV917;アルジャグバブ;;;;;;;;;;X;;
PROV918;マダレーナ砦;;;;;;;;;;X;;
PROV919;バルディーヤ;;;;;;;;;;X;;
PROV920;トブルク;;;;;;;;;;X;;
PROV921;メキリ;;;;;;;;;;X;;
PROV922;ムスス;;;;;;;;;;X;;
PROV923;ダルナ;;;;;;;;;;X;;
PROV924;ベンガジ;;;;;;;;;;X;;
PROV925;アゲダビア;;;;;;;;;;X;;
PROV926;ジャルー;;;;;;;;;;X;;
PROV927;マラーダ;;;;;;;;;;X;;
PROV928;ハウン;;;;;;;;;;X;;
PROV929;サート;;;;;;;;;;X;;
PROV930;ミスラータ;;;;;;;;;;X;;
PROV931;ガダメス;;;;;;;;;;X;;
PROV932;トリポリ;リビア;;;;;;;;;;;X
PROV933;サブラタ;;;;;;;;;;X;;
PROV934;ガフサ;;;;;;;;;;X;;
PROV935;タタウイヌ;;;;;;;;;;X;;
PROV936;スファックス;;;;;;;;;;X;;
PROV937;ケフ;;;;;;;;;;X;;
PROV938;スース;;;;;;;;;;X;;
PROV939;チュニス;;;;;;;;;;X;;
PROV940;ビゼルト;;;;;;;;;;X;;
PROV941;ベジャ;;;;;;;;;;X;;
PROV942;コンスタンティーヌ;;;;;;;;;;X;;
PROV943;バトナ;;;;;;;;;;X;;
PROV944;ジェルファ;;;;;;;;;;X;;
PROV945;アンナバ;;;;;;;;;;X;;
PROV946;ブジー;;;;;;;;;;X;;
PROV947;ラグアット;;;;;;;;;;X;;
PROV948;トゥーグラ;;;;;;;;;;X;;
PROV949;アルジェ;;;;;;;;;;X;;
PROV950;オラン;;;;;;;;;;X;;
PROV951;ウアルグラ;;;;;;;;;;X;;
PROV952;ガダメス;;;;;;;;;;X;;
PROV953;トレムセン;;;;;;;;;;X;;
PROV954;メリーリャ;;;;;;;;;;X;;
PROV955;テトゥアン;;;;;;;;;;X;;
PROV956;ウジダ;;;;;;;;;;X;;
PROV957;セウタ;;;;;;;;;;X;;
PROV958;ラバト;;;;;;;;;;X;;
PROV959;フェズ;;;;;;;;;;X;;
PROV960;カサブランカ;;;;;;;;;;X;;
PROV961;セゴビア;;;;;;;;;;X;;
PROV962;サラマンカ;;;;;;;;;;X;;
PROV963;ラス・パルマス・デ・グラン・カナリア;;;;;;;;;;X;;
PROV964;サンタ・クルス・デ・テネリフェ;;;;;;;;;;X;;
PROV965;コヴィリャン;;;;;;;;;;X;;
PROV966;マラケシュ;;;;;;;;;;X;;
PROV967;イフニ;;;;;;;;;;X;;
PROV968;ウェッザーン;;;;;;;;;;X;;
PROV969;ブーアルファ;;;;;;;;;;X;;
PROV970;ダルムシュタット;;;;;;;;;;X;;
PROV971;エルアイウン;;;;;;;;;;X;;
PROV972;ダフラ;;;;;;;;;;X;;
PROV973;ヌアクショット;;;;;;;;;;X;;
PROV974;キファ;;;;;;;;;;X;;
PROV975;マセル;;;;;;;;;;X;;
PROV976;ガオ;;;;;;;;;;X;;
PROV977;トゥンブクトゥ;;;;;;;;;;X;;
PROV978;モプティ;;;;;;;;;;X;;
PROV979;シカソ;;;;;;;;;;X;;
PROV980;ニオロドサエル;;;;;;;;;;X;;
PROV981;ダカール;;;;;;;;;;X;;
PROV982;バンジュール;;;;;;;;;;X;;
PROV983;ビサオ;;;;;;;;;;X;;
PROV984;ジガンショール;;;;;;;;;;X;;
PROV985;カイ;;;;;;;;;;X;;
PROV986;セグー;;;;;;;;;;X;;
PROV987;コナクリ;;;;;;;;;;X;;
PROV988;フリータウン;;;;;;;;;;X;;
PROV989;ハイルブロン;;;;;;;;;;X;;
PROV990;ラベ;;;;;;;;;;X;;
PROV991;カンカン;;;;;;;;;;X;;
PROV992;モンロヴィア;;;;;;;;;;X;;
PROV993;アビジャン;;;;;;;;;;X;;
PROV994;バマコ;;;;;;;;;;X;;
PROV995;ヤムスクロ;;;;;;;;;;X;;
PROV996;ボボデュラッソ;;;;;;;;;;X;;
PROV997;ワガドゥグ;;;;;;;;;;X;;
PROV998;サイ;;;;;;;;;;X;;
PROV999;ソコト;;;;;;;;;;X;;
PROV1000;タマレ;;;;;;;;;;X;;
PROV1001;ホー;;;;;;;;;;X;;
PROV1002;アクラ;;;;;;;;;;X;;
PROV1003;ロメ;;;;;;;;;;X;;
PROV1004;バサリ;;;;;;;;;;X;;
PROV1005;ナティティング;;;;;;;;;;X;;
PROV1006;コトヌー;;;;;;;;;;X;;
PROV1007;カドゥナ;;;;;;;;;;X;;
PROV1008;ラゴス;;;;;;;;;;X;;
PROV1009;カノ;;;;;;;;;;X;;
PROV1010;アブジャ;;;;;;;;;;X;;
PROV1011;ポートハーコート;;;;;;;;;;X;;
PROV1012;ガシャカ;;;;;;;;;;X;;
PROV1013;タマンラセット;;;;;;;;;;X;;
PROV1014;カールスルーエ;;;;;;;;;;X;;
PROV1015;マインツ;;;;;;;;;;X;;
PROV1016;トリーア;;;;;;;;;;X;;
PROV1017;ジャウフ;;;;;;;;;;X;;
PROV1018;コブレンツ;;;;;;;;;;X;;
PROV1019;ユトレヒト;;;;;;;;;;X;;
PROV1020;ナヒード;;;;;;;;;;X;;
PROV1021;ファラフラ;;;;;;;;;;X;;
PROV1022;ナンシー;;;;;;;;;;X;;
PROV1023;ミンヤ;;;;;;;;;;X;;
PROV1024;アシュート;;;;;;;;;;X;;
PROV1025;クセイル;;;;;;;;;;X;;
PROV1026;アスワン;;;;;;;;;;X;;
PROV1027;ハルガ;;;;;;;;;;X;;
PROV1028;ワディハルファ;;;;;;;;;;X;;
PROV1029;ドンゴラ;;;;;;;;;;X;;
PROV1030;ポートスーダン;;;;;;;;;;X;;
PROV1031;カッサラ;;;;;;;;;;X;;
PROV1032;オムドゥルマン;;;;;;;;;;X;;
PROV1033;マッサワ;;;;;;;;;;X;;
PROV1034;タルファヤ;;;;;;;;;;X;;
PROV1035;ハルゲイサ;;;;;;;;;;X;;
PROV1036;フンシャル;;;;;;;;;;X;;
PROV1037;ジブチ;;;;;;;;;;X;;
PROV1038;アッサブ;;;;;;;;;;X;;
PROV1039;アスマラ;;;;;;;;;;X;;
PROV1040;ガラバト;;;;;;;;;;X;;
PROV1041;ワドメダニ;;;;;;;;;;X;;
PROV1042;デブラマルコス;;;;;;;;;;X;;
PROV1043;ゴンダール;;;;;;;;;;X;;
PROV1044;デジエ;;;;;;;;;;X;;
PROV1045;ジマ;;;;;;;;;;X;;
PROV1046;アディスアベバ;;;;;;;;;;X;;
PROV1047;アルバミンチ;;;;;;;;;;X;;
PROV1048;マイチュウ;;;;;;;;;;X;;
PROV1049;アディグラト;;;;;;;;;;X;;
PROV1050;ディレダワ;;;;;;;;;;X;;
PROV1051;ハラール;;;;;;;;;;X;;
PROV1052;アワサ;;;;;;;;;;X;;
PROV1053;ドロ・オド;;;;;;;;;;X;;
PROV1054;ゴデ;;;;;;;;;;X;;
PROV1055;バイドア;;;;;;;;;;X;;
PROV1056;モガディシュ;;;;;;;;;;X;;
PROV1057;ボル;;;;;;;;;;X;;
PROV1058;キスマヨ;;;;;;;;;;X;;
PROV1059;ナクル;;;;;;;;;;X;;
PROV1060;ナイロビ;;;;;;;;;;X;;
PROV1061;モンバサ;;;;;;;;;;X;;
PROV1062;ムワンザ;;;;;;;;;;X;;
PROV1063;キガリ;;;;;;;;;;X;;
PROV1064;カンパラ;;;;;;;;;;X;;
PROV1065;ジュバ;;;;;;;;;;X;;
PROV1066;ハルツーム;;;;;;;;;;X;;
PROV1067;エルアトルン;;;;;;;;;;X;;
PROV1068;ニャラ;;;;;;;;;;X;;
PROV1069;ワウ;;;;;;;;;;X;;
PROV1070;バンガスー;;;;;;;;;;X;;
PROV1071;スタンリーヴィル;;;;;;;;;;X;;
PROV1072;アバ;;;;;;;;;;X;;
PROV1073;コスターマンヴィル;;;;;;;;;;X;;
PROV1074;コキアットヴィル;;;;;;;;;;X;;
PROV1075;ブラザヴィル;;;;;;;;;;X;;
PROV1076;ウエッソ;;;;;;;;;;X;;
PROV1077;エボロワ;;;;;;;;;;X;;
PROV1078;バングイ;;;;;;;;;;X;;
PROV1079;ムンドゥ;;;;;;;;;;X;;
PROV1080;ンジャメナ;;;;;;;;;;X;;
PROV1081;ファヤ;;;;;;;;;;X;;
PROV1082;マーストリヒト;;;;;;;;;;X;;
PROV1083;ザンデール;;;;;;;;;;X;;
PROV1084;ニアメ;;;;;;;;;;X;;
PROV1085;イバダン;;;;;;;;;;X;;
PROV1086;マロウア;;;;;;;;;;X;;
PROV1087;ンガウンデレ;;;;;;;;;;X;;
PROV1088;ベルトゥア;;;;;;;;;;X;;
PROV1089;ヤウンデ;;;;;;;;;;X;;
PROV1090;サントメ;;;;;;;;;;X;;
PROV1091;バタ;;;;;;;;;;X;;
PROV1092;フランスヴィル;;;;;;;;;;X;;
PROV1093;リーブルヴィル;;;;;;;;;;X;;
PROV1094;カビンダ;;;;;;;;;;X;;
PROV1095;マタディ;;;;;;;;;;X;;
PROV1096;ロアンダ;;;;;;;;;;X;;
PROV1097;ヴィラ・エンリケ・デ・カルヴァーリョ;;;;;;;;;;X;;
PROV1098;ルルアブール;;;;;;;;;;X;;
PROV1099;リヴィングストン;;;;;;;;;;X;;
PROV1100;フアンボ;;;;;;;;;;X;;
PROV1101;ロビト;;;;;;;;;;X;;
PROV1102;モサメデス;;;;;;;;;;X;;
PROV1103;ルバンゴ;;;;;;;;;;X;;
PROV1104;カラボ;;;;;;;;;;X;;
PROV1105;マウン;;;;;;;;;;X;;
PROV1106;カティマ・ムリロ;;;;;;;;;;X;;
PROV1107;ツメブ;;;;;;;;;;X;;
PROV1108;オティワロンゴ;;;;;;;;;;X;;
PROV1109;ウォルビス湾;;;;;;;;;;X;;
PROV1110;ウィントフック;;;;;;;;;;X;;
PROV1111;フランシスタウン;;;;;;;;;;X;;
PROV1112;カベロネス;;;;;;;;;;X;;
PROV1113;キンバリー;;;;;;;;;;X;;
PROV1114;ブルームフォンテーン;;;;;;;;;;X;;
PROV1115;デアラー;;;;;;;;;;X;;
PROV1116;ケープタウン;;;;;;;;;;X;;
PROV1117;ポートエリザベス;;;;;;;;;;X;;
PROV1118;ダーバン;;;;;;;;;;X;;
PROV1119;プレトリア;;;;;;;;;;X;;
PROV1120;ヨハネスブルク;;;;;;;;;;X;;
PROV1121;ティズニト;;;;;;;;;;X;;
PROV1122;ロレンソマルケス;;;;;;;;;;X;;
PROV1123;イニャンバネ;;;;;;;;;;X;;
PROV1124;ブラワヨ;;;;;;;;;;X;;
PROV1125;ソールズベリー;;;;;;;;;;X;;
PROV1126;ブエア;;;;;;;;;;X;;
PROV1127;コルヴェジ;;;;;;;;;;X;;
PROV1128;カサマ;;;;;;;;;;X;;
PROV1129;ルサカ;;;;;;;;;;X;;
PROV1130;ベイラ;;;;;;;;;;X;;
PROV1131;ウロングウェ;;;;;;;;;;X;;
PROV1132;ブランタイヤ;;;;;;;;;;X;;
PROV1133;ナンプーラ;;;;;;;;;;X;;
PROV1134;アンタナナリボ;;;;;;;;;;X;;
PROV1135;レユニオン;;;;;;;;;;X;;
PROV1136;ポートルイス;モーリシャス;;;;;;;;;;;X
PROV1137;タマタブ;トアマシナ/マダガスカル;;;;;;;;;;;X
PROV1138;ペンバ;ポルトアメリア;;;;;;;;;;;X
PROV1139;ムベヤ;;;;;;;;;;X;;
PROV1140;ダルエスサラーム;;;;;;;;;;X;;
PROV1141;ドドマ;;;;;;;;;;X;;
PROV1142;キクウィト;;;;;;;;;;X;;
PROV1143;ムブジマイ;バクワンガ;;;;;;;;;;;X
PROV1144;エリザベートヴィル;;;;;;;;;;X;;
PROV1145;マイドゥグリ;;;;;;;;;;X;;
PROV1146;プライア;カーボベルデ諸島;;;;;;;;;;;X
PROV1147;ジョージタウン;アセッション島;;;;;;;;;;;X
PROV1148;ジェームスタウン;セントヘレナ島;;;;;;;;;;;X
PROV1149;ツヒンヴァリ;;;;;;;;;;X;;
PROV1150;ステルリタマク;;;;;;;;;;X;;
PROV1151;エリスタ;;;;;;;;;;X;;
PROV1152;ドニプロペトロウシク;;;;;;;;;;X;;
PROV1153;ボリソフ;;;;;;;;;;X;;
PROV1154;ウーマニ;;;;;;;;;;X;;
PROV1155;ソーネチノゴルスク;;;;;;;;;;X;;
PROV1156;ヴェリスク;;;;;;;;;;X;;
PROV1157;カディス;;;;;;;;;;X;;
PROV1158;エスキシェヒル;;;;;;;;;;X;;
PROV1159;アンタキヤ;;;;;;;;;;X;;
PROV1160;トゥルーロ;;;;;;;;;;X;;
PROV1161;アルバセテ;;;;;;;;;;X;;
PROV1162;クエンカ;;;;;;;;;;X;;
PROV1163;エヴォラ;;;;;;;;;;X;;
PROV1164;リンカーン;;;;;;;;;;X;;
PROV1165;ラーウィック;シェトランド諸島;;;;;;;;;;;X
PROV1166;エディンバラ;;;;;;;;;;X;;
PROV1167;マガダン;;;;;;;;;;X;;
PROV1168;ピロト;;;;;;;;;;X;;
PROV1169;テトヴォ;;;;;;;;;;X;;
PROV1170;ベリゴンスキー;;;;;;;;;;X;;
PROV1171;パラナ;;;;;;;;;;X;;
PROV1172;ペトロパヴロフスク・カムチャツキ;;;;;;;;;;X;;
PROV1173;チェルニウツィー;;;;;;;;;;X;;
PROV1174;青森県;;;;;;;;;;X;;
PROV1175;レソザボーツク;;;;;;;;;;X;;
PROV1176;南樺太;;;;;;;;;;X;;
PROV1177;北千島;;;;;;;;;;X;;
PROV1178;南千島;;;;;;;;;;X;;
PROV1179;北海道;;;;;;;;;;X;;
PROV1180;秋田県;;;;;;;;;;X;;
PROV1181;岩手県;;;;;;;;;;X;;
PROV1182;山形県;;;;;;;;;;X;;
PROV1183;宮城県;;;;;;;;;;X;;
PROV1184;新潟県;;;;;;;;;;X;;
PROV1185;佐渡島;;;;;;;;;;X;;
PROV1186;福島県;;;;;;;;;;X;;
PROV1187;茨城県;;;;;;;;;;X;;
PROV1188;栃木県;;;;;;;;;;X;;
PROV1189;群馬県;;;;;;;;;;X;;
PROV1190;千葉県;;;;;;;;;;X;;
PROV1191;埼玉県;;;;;;;;;;X;;
PROV1192;東京都;;;;;;;;;;X;;
PROV1193;神奈川県;;;;;;;;;;X;;
PROV1194;済洲島;;;;;;;;;;;;X
PROV1195;光洲;;;;;;;;;;;;X
PROV1196;大邱;;;;;;;;;;;;X
PROV1197;釜山;;;;;;;;;;;;X
PROV1198;春洲;;;;;;;;;;;;X
PROV1199;京城;;;;;;;;;;;;X
PROV1200;元山;;;;;;;;;;;;X
PROV1201;平壌;;;;;;;;;;;;X
PROV1202;大連;;;;;;;;;;;;X
PROV1203;秦皇島;;;;;;;;;;;;X
PROV1204;天津;;;;;;;;;;;;X
PROV1205;北京;;;;;;;;;;;;X
PROV1206;張垣;;;;;;;;;;;;X
PROV1207;呼和浩特;;;;;;;;;;;;X
PROV1208;包頭;;;;;;;;;;;;X
PROV1209;大同;;;;;;;;;;;;X
PROV1210;任丘;;;;;;;;;;;;X
PROV1211;石家庄;;;;;;;;;;;;X
PROV1212;邯単;;;;;;;;;;;;X
PROV1213;禹城;;;;;;;;;;;;X
PROV1214;煙台;;;;;;;;;;;;X
PROV1215;そう荘;;;;;;;;;;;;X
PROV1216;済南;;;;;;;;;;;;X
PROV1217;連雲港;;;;;;;;;;;;X
PROV1218;蘇州;;;;;;;;;;;;X
PROV1219;南通;;;;;;;;;;;;X
PROV1220;徐州;;;;;;;;;;;;X
PROV1221;合肥;;;;;;;;;;;;X
PROV1222;阜陽;;;;;;;;;;;;X
PROV1223;開封;;;;;;;;;;;;X
PROV1224;安陽;;;;;;;;;;;;X
PROV1225;太原;;;;;;;;;;;;X
PROV1226;臨汾;;;;;;;;;;;;X
PROV1227;洛陽;;;;;;;;;;;;X
PROV1228;鄭洲;;;;;;;;;;;;X
PROV1229;南洋;;;;;;;;;;;;X
PROV1230;信陽;;;;;;;;;;;;X
PROV1231;随州;;;;;;;;;;;;X
PROV1232;武漢;;;;;;;;;;;;X
PROV1233;安慶;;;;;;;;;;;;X
PROV1234;宣州;;;;;;;;;;;;X
PROV1235;南京;;;;;;;;;;;;X
PROV1236;常州;;;;;;;;;;;;X
PROV1237;上海;;;;;;;;;;;;X
PROV1238;杭洲;;;;;;;;;;;;X
PROV1239;寧波;;;;;;;;;;;;X
PROV1240;温洲;;;;;;;;;;;;X
PROV1241;金華;;;;;;;;;;;;X
PROV1242;鷹潭;;;;;;;;;;;;X
PROV1243;南平;;;;;;;;;;;;X
PROV1244;福州;;;;;;;;;;;;X
PROV1245;泉州;;;;;;;;;;;;X
PROV1246;三明;;;;;;;;;;;;X
PROV1247;廈門;;;;;;;;;;;;X
PROV1248;汕頭;;;;;;;;;;;;X
PROV1249;梅州;;;;;;;;;;;;X
PROV1250;カン州;;;;;;;;;;;;X
PROV1251;宜春;;;;;;;;;;;;X
PROV1252;九江;;;;;;;;;;;;X
PROV1253;黄石;;;;;;;;;;;;X
PROV1254;吉安;;;;;;;;;;;;X
PROV1255;湘潭;;;;;;;;;;;;X
PROV1256;株洲;;;;;;;;;;;;X
PROV1257;チン州;;;;;;;;;;;;X
PROV1258;柳州;;;;;;;;;;;;X
PROV1259;衡陽;;;;;;;;;;;;X
PROV1260;常徳;;;;;;;;;;;;X
PROV1261;隆回;;;;;;;;;;;;X
PROV1262;遵義;;;;;;;;;;;;X
PROV1263;フ陵;;;;;;;;;;;;X
PROV1264;恩施;;;;;;;;;;;;X
PROV1265;萬縣;;;;;;;;;;;;X
PROV1266;荊門;;;;;;;;;;;;X
PROV1267;西安;;;;;;;;;;;;X
PROV1268;漢中;;;;;;;;;;;;X
PROV1269;銅川;;;;;;;;;;;;X
PROV1270;延安;;;;;;;;;;;;X
PROV1271;楡林;;;;;;;;;;;;X
PROV1272;烏海;;;;;;;;;;;;X
PROV1273;臨河;;;;;;;;;;;;X
PROV1274;呉忠;;;;;;;;;;;;X
PROV1275;平凉;;;;;;;;;;;;X
PROV1276;蘭洲;;;;;;;;;;;;X
PROV1277;天水;;;;;;;;;;;;X
PROV1278;ベルビル;;;;;;;;;;;;X
PROV1279;達州;;;;;;;;;;;;X
PROV1280;綿陽;;;;;;;;;;;;X
PROV1281;雅安;;;;;;;;;;;;X
PROV1282;はん枝花;;;;;;;;;;;;X
PROV1283;昌都;;;;;;;;;;;;X
PROV1284;グワーハーティー;;;;;;;;;;X;;
PROV1285;クルナ;;;;;;;;;;X;;
PROV1286;ダッカ;;;;;;;;;;X;;
PROV1287;インパール;;;;;;;;;;X;;
PROV1288;チッタゴン;;;;;;;;;;X;;
PROV1289;ソンクラー;;;;;;;;;;X;;
PROV1290;サラク;;;;;;;;;;;;X
PROV1291;ハーカー;;;;;;;;;;;;X
PROV1292;モンユワ;;;;;;;;;;;;X
PROV1293;楚雄;;;;;;;;;;;;X
PROV1294;保山;;;;;;;;;;;;X
PROV1295;ミッチーナー;;;;;;;;;;;;X
PROV1296;ラショー;;;;;;;;;;;;X
PROV1297;シットウェ;;;;;;;;;;;;X
PROV1298;パテイン;;;;;;;;;;;;X
PROV1299;ラングーン;;;;;;;;;;;;X
PROV1300;マンダレー;;;;;;;;;;;;X
PROV1301;バゴー;;;;;;;;;;;;X
PROV1302;モーラミャイン;;;;;;;;;;;;X
PROV1303;チェンマイ;;;;;;;;;;;;X
PROV1304;タウンジー;;;;;;;;;;;;X
PROV1305;チェントン;;;;;;;;;;;;X
PROV1306;ムアンサイ;;;;;;;;;;X;;
PROV1307;昆明;;;;;;;;;;;;X
PROV1308;曲靖;;;;;;;;;;;;X
PROV1309;百色;;;;;;;;;;;;X
PROV1310;河池;;;;;;;;;;;;X
PROV1311;梧洲;;;;;;;;;;;;X
PROV1312;清遠;;;;;;;;;;;;X
PROV1313;広州;;;;;;;;;;;;X
PROV1314;東莞;;;;;;;;;;;;X
PROV1315;香港;;;;;;;;;;;;X
PROV1316;マカオ;;;;;;;;;;X;;
PROV1317;江門;;;;;;;;;;;;X
PROV1318;陽江;;;;;;;;;;;;X
PROV1319;南寧;;;;;;;;;;;;X
PROV1320;茂名;;;;;;;;;;;;X
PROV1321;海口;;;;;;;;;;;;X
PROV1322;台南;;;;;;;;;;X;;
PROV1323;台北;;;;;;;;;;;;X
PROV1324;花蓮;;;;;;;;;;;;X
PROV1325;欽洲;;;;;;;;;;;;X
PROV1326;ハイフォン;;;;;;;;;;X;;
PROV1327;文山;;;;;;;;;;;;X
PROV1328;ホアビン;;;;;;;;;;X;;
PROV1329;ヴィエンチャン;;;;;;;;;;X;;
PROV1330;ピサヌローク;;;;;;;;;;X;;
PROV1331;コンケーン;;;;;;;;;;X;;
PROV1332;パクセ;;;;;;;;;;X;;
PROV1333;ハノイ;;;;;;;;;;X;;
PROV1334;ドンホイ;;;;;;;;;;X;;
PROV1335;ダナン;;;;;;;;;;X;;
PROV1336;ルンパット;;;;;;;;;;X;;
PROV1337;サイゴン;;;;;;;;;;X;;
PROV1338;カントー;;;;;;;;;;X;;
PROV1339;プノンペン;;;;;;;;;;X;;
PROV1340;シェムリアップ;;;;;;;;;;X;;
PROV1341;バタンバン;;;;;;;;;;X;;
PROV1342;チョンブリ;;;;;;;;;;X;;
PROV1343;バンコク;;;;;;;;;;X;;
PROV1344;ペッチャブーン;;;;;;;;;;X;;
PROV1345;ナコーンサワン;;;;;;;;;;X;;
PROV1346;ダウェー;;;;;;;;;;;;X
PROV1347;プラチュワップキーリーカン;;;;;;;;;;X;;
PROV1348;ナコンシータマラート;;;;;;;;;;X;;
PROV1349;イポー;;;;;;;;;;X;;
PROV1350;クアンタン;;;;;;;;;;X;;
PROV1351;ジョホールバール;;;;;;;;;;X;;
PROV1352;クアラルンプール;;;;;;;;;;X;;
PROV1353;シンガポール;;;;;;;;;;X;;
PROV1354;パンカルピナン;バンカ島;;;;;;;;;;;X
PROV1355;クタラジャ;;;;;;;;;;X;;
PROV1356;ジャンビ;;;;;;;;;;X;;
PROV1357;パダン;;;;;;;;;;X;;
PROV1358;パレンバン;;;;;;;;;;X;;
PROV1359;ブンクル;;;;;;;;;;X;;
PROV1360;成都;;;;;;;;;;;;X
PROV1361;瀘州;;;;;;;;;;;;X
PROV1362;昭通;;;;;;;;;;;;X
PROV1363;安順;;;;;;;;;;;;X
PROV1364;貴陽;;;;;;;;;;;;X
PROV1365;凱里;;;;;;;;;;;;X
PROV1366;ハバロフスク;;;;;;;;;;X;;
PROV1367;テチューヘ;ダリネゴルスク;;;;;;;;;;;X
PROV1368;ソヴィエツカヤ・ガヴァニ;;;;;;;;;;X;;
PROV1369;ニコリスク・ウスリースキー;ウスリースク;;;;;;;;;;;X
PROV1370;セミョノフカ;;;;;;;;;;X;;
PROV1371;ナホトカ;;;;;;;;;;X;;
PROV1372;ウラジオストック;;;;;;;;;;X;;
PROV1373;スマラン;;;;;;;;;;X;;
PROV1374;佳木斯;;;;;;;;;;;;X
PROV1375;鶏西;;;;;;;;;;;;X
PROV1376;清津;;;;;;;;;;;;X
PROV1377;延吉;;;;;;;;;;;;X
PROV1378;牡丹江;;;;;;;;;;;;X
PROV1379;哈爾浜;;;;;;;;;;;;X
PROV1380;大慶;;;;;;;;;;;;X
PROV1381;呼馬;;;;;;;;;;;;X
PROV1382;海拉爾;;;;;;;;;;;;X
PROV1383;ニュルバ;;;;;;;;;;X;;
PROV1384;ボルジャ;;;;;;;;;;X;;
PROV1385;チョイバルサン;;;;;;;;;;X;;
PROV1386;錫林浩特;;;;;;;;;;;;X
PROV1387;白城;;;;;;;;;;X;;
PROV1388;赤峰;;;;;;;;;;;;X
PROV1389;遼源;;;;;;;;;;;;X
PROV1390;吉林;;;;;;;;;;;;X
PROV1391;江界;;;;;;;;;;;;X
PROV1392;咸興;;;;;;;;;;;;X
PROV1393;新義州;;;;;;;;;;;;X
PROV1394;丹東;;;;;;;;;;;;X
PROV1395;盤錦;;;;;;;;;;;;X
PROV1396;金渓;;;;;;;;;;;;X
PROV1397;承徳;;;;;;;;;;;;X
PROV1398;集寧;;;;;;;;;;;;X
PROV1399;ホライトマウンテン;;;;;;;;;;X;;
PROV1400;リーグニッツ;;;;;;;;;;X;;
PROV1401;ホティン;;;;;;;;;;X;;
PROV1402;スチャヴァ;;;;;;;;;;X;;
PROV1403;ビストリツァ;;;;;;;;;;X;;
PROV1404;ウランバートル;;;;;;;;;;X;;
PROV1405;ヴッパータール;;;;;;;;;;X;;
PROV1406;類烏斉;;;;;;;;;;;;X
PROV1407;アリューシャン海溝北西部;;;;;;;;;;X;;
PROV1408;ボルツァーノ;;;;;;;;;;X;;
PROV1409;スウォンジ;;;;;;;;;;X;;
PROV1410;ニコラエフスク・ナ・アムーレ;;;;;;;;;;X;;
PROV1411;オホーツク;;;;;;;;;;X;;
PROV1412;キャフタ;;;;;;;;;;X;;
PROV1413;ウラン・ウデ;;;;;;;;;;X;;
PROV1414;イルクーツク;;;;;;;;;;X;;
PROV1415;ボダイボ;;;;;;;;;;X;;
PROV1416;ウスチ＝クート;;;;;;;;;;X;;
PROV1417;ブラーツク;;;;;;;;;;X;;
PROV1418;キジル;;;;;;;;;;X;;
PROV1419;モロン;;;;;;;;;;X;;
PROV1420;ウルギー;;;;;;;;;;X;;
PROV1421;阿勒泰;;;;;;;;;;;;X
PROV1422;タルディコルガン;;;;;;;;;;X;;
PROV1423;ウスチ・カメノゴルスク;;;;;;;;;;;;X
PROV1424;アルマアタ;;;;;;;;;;X;;
PROV1425;ジャンブル;;;;;;;;;;X;;
PROV1426;シムケント;;;;;;;;;;X;;
PROV1427;タシュケント;;;;;;;;;;X;;
PROV1428;オシュ;;;;;;;;;;X;;
PROV1429;フルンゼ;;;;;;;;;;X;;
PROV1430;スムド;;;;;;;;;;X;;
PROV1431;喀什;;;;;;;;;;X;;
PROV1432;石河子;;;;;;;;;;;;X
PROV1433;鳥魯木齊;;;;;;;;;;;;X
PROV1434;バヤンホンゴル;;;;;;;;;;X;;
PROV1435;哈密;;;;;;;;;;;;X
PROV1436;長野県;;;;;;;;;;X;;
PROV1437;山梨県;;;;;;;;;;X;;
PROV1438;アルバイヘール;;;;;;;;;;X;;
PROV1439;バヤンノール;;;;;;;;;;X;;
PROV1440;張えき;;;;;;;;;;;;X
PROV1441;敦煌;;;;;;;;;;;;X
PROV1442;格爾木;;;;;;;;;;;;X
PROV1443;西寧;;;;;;;;;;;;X
PROV1444;玉樹;;;;;;;;;;;;X
PROV1445;庫爾勒;;;;;;;;;;;;X
PROV1446;阿克蘇;;;;;;;;;;;;X
PROV1447;ホータン（和田;;;;;;;;;;;X;
PROV1448;阿里;;;;;;;;;;;;X
PROV1449;トゥルダ;;;;;;;;;;X;;
PROV1450;那曲;;;;;;;;;;;;X
PROV1451;日喀則;;;;;;;;;;;;X
PROV1452;拉薩;;;;;;;;;;;;X
PROV1453;林芝;;;;;;;;;;;;X
PROV1454;ドゥブリー;;;;;;;;;;X;;
PROV1455;プナカ;;;;;;;;;;X;;
PROV1456;シリグリ;;;;;;;;;;X;;
PROV1457;カルカッタ;;;;;;;;;;X;;
PROV1458;ブヴァネーシュヴァル;;;;;;;;;;X;;
PROV1459;ランチ;;;;;;;;;;X;;
PROV1460;リーワー;;;;;;;;;;X;;
PROV1461;ラーイプル;;;;;;;;;;X;;
PROV1462;アマラヴァティー;;;;;;;;;;X;;
PROV1463;チンドワラ;;;;;;;;;;X;;
PROV1464;ヴァドーダラー;;;;;;;;;;X;;
PROV1465;ラジコット;;;;;;;;;;X;;
PROV1466;アマダバード;;;;;;;;;;X;;
PROV1467;グワーリヤル;;;;;;;;;;X;;
PROV1468;ジャイプール;;;;;;;;;;X;;
PROV1469;デリー;;;;;;;;;;X;;
PROV1470;メーラト;;;;;;;;;;X;;
PROV1471;ラックナウ;;;;;;;;;;X;;
PROV1472;ムザファルプル;;;;;;;;;;X;;
PROV1473;カトマンドゥ;;;;;;;;;;X;;
PROV1474;スリナガル;;;;;;;;;;X;;
PROV1475;ラホール;;;;;;;;;;X;;
PROV1476;ルディアーナ;;;;;;;;;;X;;
PROV1477;チャンディーガル;;;;;;;;;;X;;
PROV1478;ビカネール;;;;;;;;;;X;;
PROV1479;ジョドプール;;;;;;;;;;X;;
PROV1480;ハイデラバード;;;;;;;;;;;;X
PROV1481;カラチ;;;;;;;;;;;;X
PROV1482;イスラーマーバード;;;;;;;;;;X;;
PROV1483;ペシャワール;;;;;;;;;;X;;
PROV1484;ジャラーラーバード;;;;;;;;;;X;;
PROV1485;スタリナバード;;;;;;;;;;X;;
PROV1486;ヘラート;;;;;;;;;;X;;
PROV1487;ゴルノ;;;;;;;;;;X;;
PROV1488;サマルカンド;;;;;;;;;;X;;
PROV1489;ブハラ;;;;;;;;;;X;;
PROV1490;アシュガバット;;;;;;;;;;X;;
PROV1491;マル;;;;;;;;;;;;X
PROV1492;カンダハール;;;;;;;;;;X;;
PROV1493;カーブル;;;;;;;;;;X;;
PROV1494;クエッタ;;;;;;;;;;X;;
PROV1495;ザーヘダーン;;;;;;;;;;X;;
PROV1496;ケルマーン;;;;;;;;;;X;;
PROV1497;バンダルアッバース;;;;;;;;;;X;;
PROV1498;アフヴァーズ;;;;;;;;;;X;;
PROV1499;ブーシェフル;;;;;;;;;;X;;
PROV1500;マシュハド;;;;;;;;;;X;;
PROV1501;エスファハーン;;;;;;;;;;X;;
PROV1502;テヘラン;;;;;;;;;;X;;
PROV1503;サーリー;;;;;;;;;;X;;
PROV1504;アブダビ;;;;;;;;;;X;;
PROV1505;ボンベイ;;;;;;;;;;X;;
PROV1506;コールハープル;;;;;;;;;;X;;
PROV1507;ハイデラバード;;;;;;;;;;;;X
PROV1508;ヴィシャーカパトナム;;;;;;;;;;X;;
PROV1509;ネッロール;;;;;;;;;;X;;
PROV1510;アナンタプール;;;;;;;;;;X;;
PROV1511;バンガロール;;;;;;;;;;X;;
PROV1512;パナジ;;;;;;;;;;X;;
PROV1513;マンガロール;;;;;;;;;;X;;
PROV1514;ティルヴァナンタプラム;;;;;;;;;;X;;
PROV1515;マドゥライ;;;;;;;;;;X;;
PROV1516;キャンディ;マハ・ヌヴァラ;;;;;;;;;;;X
PROV1517;コロンボ;;;;;;;;;;X;;
PROV1518;ポートブレア;アンダマン・ニコバル諸島;;;;;;;;;;;X
PROV1519;カラグプル;;;;;;;;;;X;;
PROV1520;チタ;;;;;;;;;;X;;
PROV1521;ネザメツヌイ;アルダン;;;;;;;;;;;X
PROV1522;ヤクーツク;;;;;;;;;;X;;
PROV1523;北樺太;;;;;;;;;;X;;
PROV1524;ベルホヤンスク;;;;;;;;;;X;;
PROV1525;ブラゴヴェシチェンスク;;;;;;;;;;X;;
PROV1526;クィブシェフカ＝ボストチナヤ;ベロゴルスク;;;;;;;;;;;X
PROV1527;コムソモリスク・ナ・アムーレ;;;;;;;;;;X;;
PROV1528;ブラゴエスチェンスク;;;;;;;;;;X;;
PROV1529;エリヴァン;;;;;;;;;;X;;
PROV1530;黒河;;;;;;;;;;;;X
PROV1531;グアダラハラ;;;;;;;;;;X;;
PROV1532;レオン;;;;;;;;;;X;;
PROV1533;キチメングスキー・ゴロドク;;;;;;;;;;X;;
PROV1534;セヴェロドヴィンスク;;;;;;;;;;X;;
PROV1535;ノリリスク;;;;;;;;;;X;;
PROV1536;スィクティフカル;;;;;;;;;;X;;
PROV1537;ビーゴ;;;;;;;;;;X;;
PROV1538;カンスク;;;;;;;;;;X;;
PROV1539;トムスク;;;;;;;;;;X;;
PROV1540;バルナウル;;;;;;;;;;X;;
PROV1541;メリニコヴォ;;;;;;;;;;X;;
PROV1542;クイビシェフ;ノヴォシビルスク;;;;;;;;;;;X
PROV1543;ノヴォシビルスク;;;;;;;;;;X;;
PROV1544;ビイスク;;;;;;;;;;X;;
PROV1545;ケメロヴォ;;;;;;;;;;X;;
PROV1546;スターリンスク;ノヴォクズネツク;;;;;;;;;;;X
PROV1547;サレハルド;;;;;;;;;;X;;
PROV1548;ヴォルクタ;;;;;;;;;;X;;
PROV1549;ウライ;;;;;;;;;;X;;
PROV1550;パヴロダル;カザフ;;;;;;;;;;;X
PROV1551;エキバストス;カザフ;;;;;;;;;;;X
PROV1552;オムスク;;;;;;;;;;X;;
PROV1553;コタバル;;;;;;;;;;X;;
PROV1554;アロースター;マレーシア;;;;;;;;;;;X
PROV1555;バルカ;;;;;;;;;;X;;
PROV1556;サール;;;;;;;;;;X;;
PROV1557;スルグト;;;;;;;;;;X;;
PROV1558;オスチャコ・ヴォグルスク;ハンティ・マンシースク;;;;;;;;;;;X
PROV1559;オイラト=トゥーラ;ゴルノ＝アルタイスク;;;;;;;;;;;X
PROV1560;クラスノヤルスク;;;;;;;;;;X;;
PROV1561;アバカン;;;;;;;;;;X;;
PROV1562;クラスノヤルス;;;;;;;;;;X;;
PROV1563;ファーロ;;;;;;;;;;X;;
PROV1564;オポーチカ;プスコフ;;;;;;;;;;;X
PROV1565;オチャコフ;;;;;;;;;;X;;
PROV1566;レツェツァ;;;;;;;;;;X;;
PROV1567;チェリャビンスク;;;;;;;;;;X;;
PROV1568;ウラリスク;;;;;;;;;;X;;
PROV1569;アクチュビンスク;アクトベ;;;;;;;;;;;X
PROV1570;ウファ;;;;;;;;;;X;;
PROV1571;ティラスポル;;;;;;;;;;X;;
PROV1572;クルガン;;;;;;;;;;X;;
PROV1573;チュメニ;;;;;;;;;;X;;
PROV1574;ビリズニキー;;;;;;;;;;X;;
PROV1575;スベルドロフスク;;;;;;;;;;X;;
PROV1576;コクシェタウ;;;;;;;;;;X;;
PROV1577;オルスク;;;;;;;;;;X;;
PROV1578;コスタナイ;;;;;;;;;;X;;
PROV1579;シャルカール;カザフ;;;;;;;;;;;X
PROV1580;デルジャヴィンスク;カザフ;;;;;;;;;;;X
PROV1581;アクモリンスク;アスタナ;;;;;;;;;;;X
PROV1582;カラガンダ;;;;;;;;;;X;;
PROV1583;アクタウ;;;;;;;;;;X;;
PROV1584;クングラード;;;;;;;;;;X;;
PROV1585;ヌクス;;;;;;;;;;X;;
PROV1586;ジャナカザリ;;;;;;;;;;X;;
PROV1587;クズロルダ;;;;;;;;;;X;;
PROV1588;テレクチ;;;;;;;;;;X;;
PROV1589;ムアン・サイニャブリー;;;;;;;;;;X;;
PROV1590;ラジシャヒ;;;;;;;;;;X;;
PROV1591;トリンコマリー;;;;;;;;;;X;;
PROV1592;バハーワルナガル;;;;;;;;;;X;;
PROV1593;トボリスク;;;;;;;;;;X;;
PROV1594;タラ;;;;;;;;;;X;;
PROV1595;グリヴィツェ;;;;;;;;;;X;;
PROV1596;エフレモフ;;;;;;;;;;X;;
PROV1597;ブリャンスク;;;;;;;;;;X;;
PROV1598;トゥーラ;;;;;;;;;;X;;
PROV1599;元山;硫黄島;;;;;;;;;;;X
PROV1600;ビキニ環礁;マーシャル諸島;;;;;;;;;;;X
PROV1601;エニウェトク環礁;マーシャル諸島;;;;;;;;;;;X
PROV1602;クェゼリン環礁;マーシャル諸島;;;;;;;;;;;X
PROV1603;デラップ;マジュロ島;;;;;;;;;;;X
PROV1604;コロニア;ポナペ島;;;;;;;;;;;X
PROV1605;マキン環礁;ブタリタリ環礁;;;;;;;;;;;X
PROV1606;カリアテビーク;アベママ島;;;;;;;;;;;X
PROV1607;バイリキ;タラワ島;;;;;;;;;;;X
PROV1608;ウォッジェ環礁;マーシャル諸島;;;;;;;;;;;X
PROV1609;スバ;フィジー諸島;;;;;;;;;;;X
PROV1610;バイアク;ツバル諸島;;;;;;;;;;;X
PROV1611;ランバサ;フィジー諸島;;;;;;;;;;;X
PROV1612;チラチャプ;;;;;;;;;;X;;
PROV1613;バタビア;;;;;;;;;;X;;
PROV1614;ブアラ;サンタイサベル島;;;;;;;;;;;X
PROV1615;シンカワン;;;;;;;;;;X;;
PROV1616;プカンバル;;;;;;;;;;X;;
PROV1617;トフォール;コスラエ島;;;;;;;;;;;X
PROV1618;ワーロ;トラック諸島;;;;;;;;;;;X
PROV1619;ウォレアイ環礁;;;;;;;;;;X;;
PROV1620;コロニア;ヤップ島;;;;;;;;;;;X
PROV1621;マルキョク;バベルダオブ島/パラオ;;;;;;;;;;;X
PROV1622;ホニアラ;ガダルカナル島;;;;;;;;;;;X
PROV1623;ヴァルデンブルク;;;;;;;;;;X;;
PROV1624;アガナ;グアム島;;;;;;;;;;;X
PROV1625;ソンソン;ロタ島;;;;;;;;;;;X
PROV1626;テニアン島;;;;;;;;;;X;;
PROV1627;チャランカノア;サイパン島;;;;;;;;;;;X
PROV1628;チレゴン;;;;;;;;;;X;;
PROV1629;バンドン;;;;;;;;;;X;;
PROV1630;チレボン;;;;;;;;;;X;;
PROV1631;ジョグジャカルタ;;;;;;;;;;X;;
PROV1632;スラバヤ;;;;;;;;;;X;;
PROV1633;マラン;;;;;;;;;;X;;
PROV1634;バンカラン;マドゥラ島;;;;;;;;;;;X
PROV1635;シガラジャ;;;;;;;;;;X;;
PROV1636;イルワキ;タニンバル諸島;;;;;;;;;;;X
PROV1637;ビマ;スンバワ島;;;;;;;;;;;X
PROV1638;ワインガプ;スンバ島;;;;;;;;;;;X
PROV1639;マウメレ;フローレス島;;;;;;;;;;;X
PROV1640;マカッサル;;;;;;;;;;X;;
PROV1641;サンピト;;;;;;;;;;X;;
PROV1642;ポンティアナック;;;;;;;;;;X;;
PROV1643;ブザンソン;;;;;;;;;;X;;
PROV1644;クチン;;;;;;;;;;X;;
PROV1645;バコン;;;;;;;;;;X;;
PROV1646;バンダルスリブガワン;ブルネイ;;;;;;;;;;;X
PROV1647;ジェッセルトン;コタキナバル;;;;;;;;;;;X
PROV1648;タラカン;;;;;;;;;;X;;
PROV1649;バリクパパン;;;;;;;;;;X;;
PROV1650;バンジャルマシン;;;;;;;;;;X;;
PROV1651;パル;;;;;;;;;;X;;
PROV1652;ケンダリ;;;;;;;;;;X;;
PROV1653;マナド;;;;;;;;;;X;;
PROV1654;テルナテ;マルク諸島;;;;;;;;;;;X
PROV1655;カイェリ;ブル島;;;;;;;;;;;X
PROV1656;アンボン島;;;;;;;;;;X;;
PROV1657;クパン;;;;;;;;;;X;;
PROV1658;ディリ;東ティモール;;;;;;;;;;;X
PROV1659;マノクワリ;;;;;;;;;;X;;
PROV1660;ファク・ファク;;;;;;;;;;X;;
PROV1661;バンダールランプン;;;;;;;;;;X;;
PROV1662;ワキア;;;;;;;;;;X;;
PROV1663;メダン;;;;;;;;;;X;;
PROV1664;アンソース;;;;;;;;;;X;;
PROV1665;ホランディア;;;;;;;;;;X;;
PROV1666;ラエ;;;;;;;;;;X;;
PROV1667;マウントハーゲン;;;;;;;;;;X;;
PROV1668;ロレンガウ;マヌス島;;;;;;;;;;;X
PROV1669;カヴィエン;ニューアイルランド島;;;;;;;;;;;X
PROV1670;ココポ;ラバウル/ニューブリテン島;;;;;;;;;;;X
PROV1671;キンベ;ニューブリテン島;;;;;;;;;;;X
PROV1672;ポポンデッタ;;;;;;;;;;X;;
PROV1673;ビラブ;;;;;;;;;;X;;
PROV1674;メラウケ;;;;;;;;;;X;;
PROV1675;ダル;;;;;;;;;;X;;
PROV1676;ブール＝ガン＝ブレス;;;;;;;;;;X;;
PROV1677;ポートモレスビー;;;;;;;;;;X;;
PROV1678;メンディ;;;;;;;;;;X;;
PROV1679;キウンガ;;;;;;;;;;X;;
PROV1680;ケレマ;;;;;;;;;;X;;
PROV1681;ウェワク;;;;;;;;;;X;;
PROV1682;アラワ;ブーゲンビル島;;;;;;;;;;;X
PROV1683;ギゾ;コロンバンガラ島;;;;;;;;;;;X
PROV1684;アウキ;マライタ島;;;;;;;;;;;X
PROV1685;ラタ;;;;;;;;;;X;;
PROV1686;ヤレン;ナウル;;;;;;;;;;;X
PROV1687;イサンゲル;タンナ島;;;;;;;;;;;X
PROV1688;ポートビラ;エファテ島;;;;;;;;;;;X
PROV1689;ルーガンビル;エスピリトゥサント島;;;;;;;;;;;X
PROV1690;ラカトロ;マレクラ島;;;;;;;;;;;X
PROV1691;リフー島;;;;;;;;;;X;;
PROV1692;ヌメア;;;;;;;;;;X;;
PROV1693;ケアンズ;;;;;;;;;;X;;
PROV1694;マドラス;;;;;;;;;;X;;
PROV1695;グントゥール;;;;;;;;;;X;;
PROV1696;タウンズビル;;;;;;;;;;X;;
PROV1697;マウントアイザ;;;;;;;;;;X;;
PROV1698;ロックハンプトン;;;;;;;;;;X;;
PROV1699;ナーシク;;;;;;;;;;X;;
PROV1700;トゥウンバ;;;;;;;;;;X;;
PROV1701;ジャムシェードプル;;;;;;;;;;X;;
PROV1702;キャサリン;;;;;;;;;;X;;
PROV1703;ダーウィン;;;;;;;;;;X;;
PROV1704;アリス・スプリングズ;;;;;;;;;;X;;
PROV1705;アムリトサル;;;;;;;;;;X;;
PROV1706;ブルーム;;;;;;;;;;X;;
PROV1707;ポート・ヘッドランド;;;;;;;;;;X;;
PROV1708;カナーヴォン;;;;;;;;;;X;;
PROV1709;ジェラルトン;;;;;;;;;;X;;
PROV1710;ノーサム;;;;;;;;;;X;;
PROV1711;パース;;;;;;;;;;X;;
PROV1712;コリー;;;;;;;;;;X;;
PROV1713;アルバニー;西オーストラリア;;;;;;;;;;;X
PROV1714;アリカンテ;;;;;;;;;;X;;
PROV1715;ニューキャッスル;;;;;;;;;;X;;
PROV1716;カルグーリー;;;;;;;;;;X;;
PROV1717;ポートリンカーン;;;;;;;;;;X;;
PROV1718;アデレード;;;;;;;;;;X;;
PROV1719;ポートオーガスタ;;;;;;;;;;X;;
PROV1720;セント・ヘリア;チャンネル諸島;;;;;;;;;;;X
PROV1721;ウダイプル;;;;;;;;;;X;;
PROV1722;ブリスベン;;;;;;;;;;X;;
PROV1723;シドニー;;;;;;;;;;X;;
PROV1724;ウロンゴン;;;;;;;;;;X;;
PROV1725;ウォガウォガ;;;;;;;;;;X;;
PROV1726;サンタンデール;;;;;;;;;;X;;
PROV1727;キャンベラ;;;;;;;;;;X;;
PROV1728;マザー;;;;;;;;;;X;;
PROV1729;ホバート;;;;;;;;;;X;;
PROV1730;メルボルン;;;;;;;;;;X;;
PROV1731;ムザファラバード;;;;;;;;;;X;;
PROV1732;ジーロング;;;;;;;;;;X;;
PROV1733;ローブ;;;;;;;;;;X;;
PROV1734;テルエル;;;;;;;;;;X;;
PROV1735;プエルト・プリンセサ;パラワン島;;;;;;;;;;;X
PROV1736;カラパン;ミンドロ島;;;;;;;;;;;X
PROV1737;マニラ;;;;;;;;;;X;;
PROV1738;オロンガポ;;;;;;;;;;X;;
PROV1739;カバナトゥアン;;;;;;;;;;X;;
PROV1740;バギオ;;;;;;;;;;X;;
PROV1741;トゥゲガラオ;カガヤン;;;;;;;;;;;X
PROV1742;レガスピ;;;;;;;;;;X;;
PROV1743;ホロ島;;;;;;;;;;X;;
PROV1744;カルバヨグ;サマール島;;;;;;;;;;;X
PROV1745;タクロバン;レイテ島;;;;;;;;;;;X
PROV1746;イロイロ;パナイ島;;;;;;;;;;;X
PROV1747;セブ;セブ島;;;;;;;;;;;X
PROV1748;ザンボアンガ;ミンダナオ島;;;;;;;;;;;X
PROV1749;カガヤン・デ・オロ;ミンダナオ島;;;;;;;;;;;X
PROV1750;ダバオ;ミンダナオ島;;;;;;;;;;;X
PROV1751;アロフィ;ニウエ島;;;;;;;;;;;X
PROV1752;マタウトゥ;ウォリス・フツナ;;;;;;;;;;;X
PROV1753;アピア;サモア;;;;;;;;;;;X
PROV1754;ヌクノノ;;;;;;;;;;X;;
PROV1755;パゴパゴ;米領サモア;;;;;;;;;;;X
PROV1756;ヌクアロファ;トンガ;;;;;;;;;;;X
PROV1757;ドボ;アルー諸島;;;;;;;;;;;X
PROV1758;コーチ;;;;;;;;;;X;;
PROV1759;カントン;;;;;;;;;;X;;
PROV1760;メイヤートン;;;;;;;;;;X;;
PROV1761;リキテア;;;;;;;;;;X;;
PROV1762;ルンダエ;;;;;;;;;;X;;
PROV1763;ミラーズヴィル;ジャーヴィス島;;;;;;;;;;;X
PROV1764;ロンドン;キリスィマスィ島;;;;;;;;;;;X
PROV1765;パルミラ;;;;;;;;;;X;;
PROV1766;ジョンソン島;;;;;;;;;;X;;
PROV1767;ロト;;;;;;;;;;X;;
PROV1768;アバイアン;;;;;;;;;;X;;
PROV1769;パペーテ;タヒチ島;;;;;;;;;;;X
PROV1770;タイオハエ;ヌクヒバ島;;;;;;;;;;;X
PROV1771;ウフタ;;;;;;;;;;X;;
PROV1772;ソリカムスク;;;;;;;;;;X;;
PROV1773;ペルミ;;;;;;;;;;X;;
PROV1774;キーロフ;;;;;;;;;;X;;
PROV1775;ゼレノドーリスク;;;;;;;;;;X;;
PROV1776;チェボクサルイ;;;;;;;;;;X;;
PROV1777;サランスク;;;;;;;;;;X;;
PROV1778;トリヤッチ;;;;;;;;;;X;;
PROV1779;シュトルプ;;;;;;;;;;X;;
PROV1780;カザン;;;;;;;;;;X;;
PROV1781;ナーベレジヌイェ・チェルヌイ;;;;;;;;;;X;;
PROV1782;イジェフスク;;;;;;;;;;X;;
PROV1783;ヨシュカル・オラ;;;;;;;;;;X;;
PROV1784;小笠原諸島;;;;;;;;;;X;;
PROV1785;南鳥島;;;;;;;;;;X;;
PROV1786;ウェーク島;;;;;;;;;;X;;
PROV1787;ラシート;;;;;;;;;;X;;
PROV1788;レザーイーイェ;オルーミーイェ;;;;;;;;;;;X
PROV1789;ケルマーンシャー;;;;;;;;;;X;;
PROV1790;ナーシリーヤ;;;;;;;;;;X;;
PROV1791;カルバラ;;;;;;;;;;X;;
PROV1792;ダマスクス;;;;;;;;;;X;;
PROV1793;タラブルス;トリポリ;;;;;;;;;;;X
PROV1794;ベイルート;;;;;;;;;;X;;
PROV1795;ゴラン;;;;;;;;;;X;;
PROV1796;アンマン;;;;;;;;;;X;;
PROV1797;ヨルダン川西岸;;;;;;;;;;X;;
PROV1798;テルアビブ;;;;;;;;;;X;;
PROV1799;ガザ;;;;;;;;;;X;;
PROV1800;エルアリシュ;;;;;;;;;;X;;
PROV1801;シャルムエルシェイク;;;;;;;;;;X;;
PROV1802;マアーン;;;;;;;;;;X;;
PROV1803;カラク;;;;;;;;;;X;;
PROV1804;メディナ;;;;;;;;;;X;;
PROV1805;ジャウフ;;;;;;;;;;X;;
PROV1806;ナジャフ;;;;;;;;;;X;;
PROV1807;リヤド;;;;;;;;;;X;;
PROV1808;ジャウフ;;;;;;;;;;X;;
PROV1809;メッカ;マッカ・アル＝ムカッラマ;;;;;;;;;;;X
PROV1810;ドイチェ・クローネ;;;;;;;;;;X;;
PROV1811;アレンシュタイン;;;;;;;;;;X;;
PROV1812;サナー;;;;;;;;;;X;;
PROV1813;アデン;;;;;;;;;;X;;
PROV1814;ムカーラ;;;;;;;;;;X;;
PROV1815;ハディブ;ソコトラ島;;;;;;;;;;;X
PROV1816;ポート・ビクトリア;;;;;;;;;;X;;
PROV1817;マレ;モルディブ;;;;;;;;;;;X
PROV1818;フフーフ;;;;;;;;;;X;;
PROV1819;マスカット;;;;;;;;;;X;;
PROV1820;ムババーネ;;;;;;;;;;X;;
PROV1821;ダンマン;;;;;;;;;;X;;
PROV1822;クウェートシティ;;;;;;;;;;X;;
PROV1823;バスラ;;;;;;;;;;X;;
PROV1824;アマラ;;;;;;;;;;X;;
PROV1825;ハマダーン;;;;;;;;;;X;;
PROV1826;シーラーズ;;;;;;;;;;X;;
PROV1827;ドザンコイ;;;;;;;;;;X;;
PROV1828;ブグルスラン;;;;;;;;;;X;;
PROV1829;ヴォリスク;;;;;;;;;;X;;
PROV1830;クイビシェフ;サマラ;;;;;;;;;;;X
PROV1831;ペンザ;;;;;;;;;;X;;
PROV1832;サラトフ;;;;;;;;;;X;;
PROV1833;コテリニコヴォ;;;;;;;;;;X;;
PROV1834;カムイシン;;;;;;;;;;X;;
PROV1835;ニコラエフスク;;;;;;;;;;X;;
PROV1836;ヴォルシスキー;;;;;;;;;;X;;
PROV1837;ハサヴュールト;;;;;;;;;;X;;
PROV1838;アストラハン;;;;;;;;;;X;;
PROV1839;エンゲルス;;;;;;;;;;X;;
PROV1840;クラスノカムスク;;;;;;;;;;X;;
PROV1841;コストラマ;;;;;;;;;;X;;
PROV1842;ヴォロシロフスク;アルチェフスク;;;;;;;;;;;X
PROV1843;ソチ;;;;;;;;;;X;;
PROV1844;ナリチク;;;;;;;;;;X;;
PROV1845;スフミ;;;;;;;;;;X;;
PROV1846;チェルケスク;;;;;;;;;;X;;
PROV1847;グロズヌイ;;;;;;;;;;X;;
PROV1848;クタイシ;;;;;;;;;;X;;
PROV1849;ウラジカフカス;;;;;;;;;;X;;
PROV1850;トビリシ;;;;;;;;;;X;;
PROV1851;ハッキャリ;;;;;;;;;;X;;
PROV1852;エルズルム;;;;;;;;;;X;;
PROV1853;エラズー;;;;;;;;;;X;;
PROV1854;ディヤルバクル;;;;;;;;;;X;;
PROV1855;ガズィアンテプ;;;;;;;;;;X;;
PROV1856;イェレヴァン;;;;;;;;;;X;;
PROV1857;マハチカラ;;;;;;;;;;X;;
PROV1858;ステパナケルト;;;;;;;;;;X;;
PROV1859;タブリーズ;;;;;;;;;;X;;
PROV1860;キルクーク;;;;;;;;;;X;;
PROV1861;ディルエッゾール;;;;;;;;;;X;;
PROV1862;アレッポ;;;;;;;;;;X;;
PROV1863;ヒムス;;;;;;;;;;X;;
PROV1864;アンバール;;;;;;;;;;X;;
PROV1865;バグダード;;;;;;;;;;X;;
PROV1866;クート;;;;;;;;;;X;;
PROV1867;ポンタ・デルガダ;アゾレス諸島;;;;;;;;;;;X
PROV1868;オークランド;;;;;;;;;;X;;
PROV1869;ネーピア;;;;;;;;;;X;;
PROV1870;ニュープリマス;;;;;;;;;;X;;
PROV1871;ウェリントン;;;;;;;;;;X;;
PROV1872;クライストチャーチ;;;;;;;;;;X;;
PROV1873;ダニーデン;;;;;;;;;;X;;
PROV1874;ポロツク;;;;;;;;;;X;;
PROV1875;ウォムジャ;;;;;;;;;;X;;
PROV1876;レジョノヴォ;;;;;;;;;;X;;
PROV1877;ミピ;;;;;;;;;;X;;
PROV1878;イーターナガル;;;;;;;;;;X;;
PROV1879;パイオニア破砕帯;;;;;;;;;;X;;
PROV1880;韶関;;;;;;;;;;;;X
PROV1881;ナザレ;;;;;;;;;;X;;
PROV1882;イルビド;;;;;;;;;;X;;
PROV1883;ニューヘブリデス海溝;;;;;;;;;;X;;
PROV1884;プシェムィシル;;;;;;;;;;X;;
PROV1885;サルニ;;;;;;;;;;X;;
PROV1886;ボル;;;;;;;;;;X;;
PROV1887;プレショフ;;;;;;;;;;X;;
PROV1888;チェスケー・ブジェヨヴィツェ;;;;;;;;;;X;;
PROV1889;コマルノ;;;;;;;;;;X;;
PROV1890;ベーケーシュチャバ;;;;;;;;;;X;;
PROV1891;ビハチ;;;;;;;;;;X;;
PROV1892;トラブニク;;;;;;;;;;X;;
PROV1893;クニン;;;;;;;;;;X;;
PROV1894;プリイェポリェ;;;;;;;;;;X;;
PROV1895;シャバツ;;;;;;;;;;X;;
PROV1896;クルシェバツ;;;;;;;;;;X;;
PROV1897;ルマ;;;;;;;;;;X;;
PROV1898;プーターオ;ビルマ;;;;;;;;;;;X
PROV1899;ミエルクレア・チュク;;;;;;;;;;X;;
PROV1900;ベーリング海峡西部;;;;;;;;;;X;;
PROV1901;アリューシャン海盆東部;;;;;;;;;;X;;
PROV1902;アリューシャン海盆南東部;;;;;;;;;;X;;
PROV1903;西昌;;;;;;;;;;;;X
PROV1904;アリューシャン海台西部;;;;;;;;;;X;;
PROV1905;ロ西;;;;;;;;;;;;X
PROV1906;マナーマ;;;;;;;;;;X;;
PROV1907;バクー;;;;;;;;;;X;;
PROV1908;マソアラ岬;;;;;;;;;;X;;
PROV1909;シェルブルック ;;;;;;;;;;X;;
PROV1910;沙市;;;;;;;;;;;;X
PROV1911;ルセ;;;;;;;;;;X;;
PROV1912;河源;;;;;;;;;;;;X
PROV1913;懐化;;;;;;;;;;;;X
PROV1914;永州;;;;;;;;;;;;X
PROV1915;ギルバート海山;;;;;;;;;;X;;
PROV1916;アリューシャン海溝北部;;;;;;;;;;X;;
PROV1917;アリューシャン海溝中部;;;;;;;;;;X;;
PROV1918;大理;;;;;;;;;;;;X
PROV1919;タフツ深海平原;;;;;;;;;;X;;
PROV1920;エイックエルブルグ海山;;;;;;;;;;X;;
PROV1921;長沙;;;;;;;;;;;;X
PROV1922;益陽;;;;;;;;;;;;X
PROV1923;台中;;;;;;;;;;;;X
PROV1924;コーンストック海山;;;;;;;;;;X;;
PROV1925;ハリス海山;;;;;;;;;;X;;
PROV1926;チヌークトラフ;;;;;;;;;;X;;
PROV1927;ハワイ海嶺西部;;;;;;;;;;X;;
PROV1928;普耳;;;;;;;;;;;;X
PROV1929;ハワイ海嶺中西部;;;;;;;;;;X;;
PROV1930;マレー断裂帯西部;;;;;;;;;;X;;
PROV1931;メンデレスゾーン海山;;;;;;;;;;X;;
PROV1932;マレー断裂帯東部;;;;;;;;;;X;;
PROV1933;メンドシノ断裂帯西部;;;;;;;;;;X;;
PROV1934;メンドシノ断裂帯東部;;;;;;;;;;X;;
PROV1935;パットン海底崖;;;;;;;;;;X;;
PROV1936;ショウ州;;;;;;;;;;;;X
PROV1937;竜岩;;;;;;;;;;;;X
PROV1938;興安;;;;;;;;;;;;X
PROV1939;黄岡;;;;;;;;;;;;X
PROV1940;セドロス海溝;;;;;;;;;;X;;
PROV1941;臨川;;;;;;;;;;;;X
PROV1942;モロカイ断裂帯東部;;;;;;;;;;X;;
PROV1943;モロカイ断裂帯西部;;;;;;;;;;X;;
PROV1944;フレンチフリゲート礁;;;;;;;;;;X;;
PROV1945;ハワイ海嶺中南部;;;;;;;;;;X;;
PROV1946;マゼラン海山列;;;;;;;;;;X;;
PROV1947;ハワイ海嶺南部;;;;;;;;;;X;;
PROV1948;マゼラン海山列西部;;;;;;;;;;X;;
PROV1949;マゼラン海山列東部;;;;;;;;;;X;;
PROV1950;マゼラン海山列南部;;;;;;;;;;X;;
PROV1951;ロツマ海嶺;;;;;;;;;;X;;
PROV1952;ギルバート・フェニックス海峡;;;;;;;;;;X;;
PROV1953;ライン諸島南部;;;;;;;;;;X;;
PROV1954;ライン諸島中部;;;;;;;;;;X;;
PROV1955;ライン諸島北部;;;;;;;;;;X;;
PROV1956;クラリオン断裂帯西部;;;;;;;;;;X;;
PROV1957;クリッパートン断裂帯極西部;;;;;;;;;;X;;
PROV1958;クリッパートン断裂帯西部;;;;;;;;;;X;;
PROV1959;クリッパートン断裂帯東部;;;;;;;;;;X;;
PROV1960;クリッパートン断裂帯極東部;;;;;;;;;;X;;
PROV1961;グァテマラ海盆南部;;;;;;;;;;X;;
PROV1962;グァテマラ海盆北部;;;;;;;;;;X;;
PROV1963;ペルー・チリ海溝北部;;;;;;;;;;X;;
PROV1964;六安;;;;;;;;;;;;X
PROV1965;巣湖;;;;;;;;;;;;X
PROV1966;塩城;;;;;;;;;;;;X
PROV1967;ペルー・チリ海溝中部;;;;;;;;;;X;;
PROV1968;ペルー海盆;;;;;;;;;;X;;
PROV1969;イースター断裂帯東部;;;;;;;;;;X;;
PROV1970;マルケサス断裂帯東部;;;;;;;;;;X;;
PROV1971;イースター断裂帯西部;;;;;;;;;;X;;
PROV1972;マルケサス断裂帯中部;;;;;;;;;;X;;
PROV1973;マルケサス断裂帯西部;;;;;;;;;;X;;
PROV1974;マニヒキ海台;;;;;;;;;;X;;
PROV1975;トンガ海溝北部;;;;;;;;;;X;;
PROV1976;ノーフォーク海嶺;;;;;;;;;;X;;
PROV1977;ケルマディック海溝;;;;;;;;;;X;;
PROV1978;景洪;;;;;;;;;;;;X
PROV1979;ルイビル海嶺西部;;;;;;;;;;X;;
PROV1980;トンガ海溝西部;;;;;;;;;;X;;
PROV1981;トンガ海溝東部;;;;;;;;;;X;;
PROV1982;ルイビル海嶺東部;;;;;;;;;;X;;
PROV1983;箇旧;;;;;;;;;;;;X
PROV1984;六盤水;;;;;;;;;;;;X
PROV1985;エルタニン断裂帯西部;;;;;;;;;;X;;
PROV1986;チャレンジャー断裂帯西部;;;;;;;;;;X;;
PROV1987;チャレンジャー断裂帯中部;;;;;;;;;;X;;
PROV1988;エルタニン断裂帯中部;;;;;;;;;;X;;
PROV1989;ウディンツェフ断裂帯東部;;;;;;;;;;X;;
PROV1990;エルタニン断裂帯東部;;;;;;;;;;X;;
PROV1991;チャレンジャー断裂帯東部;;;;;;;;;;X;;
PROV1992;フンボルト深海平原北西部;;;;;;;;;;X;;
PROV1993;ひっ節;;;;;;;;;;;;X
PROV1994;フンボルト深海平原南東部;;;;;;;;;;X;;
PROV1995;石首;;;;;;;;;;;;X
PROV1996;十堰;;;;;;;;;;;;X
PROV1997;宜昌;;;;;;;;;;;;X
PROV1998;フォークランド海台西部;;;;;;;;;;X;;
PROV1999;サウスジョージア海嶺西部;;;;;;;;;;X;;
PROV2000;都いん;;;;;;;;;;;;X
PROV2001;フォークランド海台東部;;;;;;;;;;X;;
PROV2002;サウスサンドウィッチ海溝西部;;;;;;;;;;X;;
PROV2003;サウスサンドウィッチ海溝東部;;;;;;;;;;X;;
PROV2004;アルゼンチン深海平原南東部;;;;;;;;;;X;;
PROV2005;アメリカ・南極海嶺;;;;;;;;;;X;;
PROV2006;大西洋・インド洋海嶺西部;;;;;;;;;;X;;
PROV2007;プレーン岬;;;;;;;;;;X;;
PROV2008;アルゴア湾;;;;;;;;;;X;;
PROV2009;大西洋・インド洋海嶺東部;;;;;;;;;;X;;
PROV2010;アガラス海台;;;;;;;;;;X;;
PROV2011;ワイルドコースト;;;;;;;;;;X;;
PROV2012;デラゴア湾;;;;;;;;;;X;;
PROV2013;ナタル海盆北部;;;;;;;;;;X;;
PROV2014;南西インド洋海嶺;;;;;;;;;;X;;
PROV2015;マダガスカル海盆南西部;;;;;;;;;;X;;
PROV2016;イニャンバネ湾;;;;;;;;;;X;;
PROV2017;ソファラ湾;;;;;;;;;;X;;
PROV2018;ツィリビヒナ河口;;;;;;;;;;X;;
PROV2019;カミシリ;;;;;;;;;;X;;
PROV2020;ナタル海盆東部;;;;;;;;;;X;;
PROV2021;モロニ;グランドコモロ島;;;;;;;;;;;X
PROV2022;マダガスカル海台南西部;;;;;;;;;;X;;
PROV2023;マナンブブ河口;;;;;;;;;;X;;
PROV2024;マムズ;マヨット島;;;;;;;;;;;X
PROV2025;マダガスカル海盆南東部;;;;;;;;;;X;;
PROV2026;マスカリン海台南部;;;;;;;;;;X;;
PROV2027;マスカリン海盆東部;;;;;;;;;;X;;
PROV2028;アンブル岬;;;;;;;;;;X;;
PROV2029;ボンベトカ湾;;;;;;;;;;X;;
PROV2030;ヴィラナンドロ岬;;;;;;;;;;X;;
PROV2031;ザンジバル海峡;;;;;;;;;;X;;
PROV2032;ソマリア沿岸南部;;;;;;;;;;X;;
PROV2033;マスカリン海盆西部;;;;;;;;;;X;;
PROV2034;マスカリン海台西部;;;;;;;;;;X;;
PROV2035;ソマリ海盆東部;;;;;;;;;;X;;
PROV2036;アラビア海盆南部;;;;;;;;;;X;;
PROV2037;アラビア海盆西部;;;;;;;;;;X;;
PROV2038;ハラニヤト湾;;;;;;;;;;X;;
PROV2039;グワダル湾;;;;;;;;;;X;;
PROV2040;オマーン湾;;;;;;;;;;X;;
PROV2041;ペルシャ湾;;;;;;;;;;X;;
PROV2042;インダス河口;;;;;;;;;;X;;
PROV2043;ガントク;;;;;;;;;;X;;
PROV2044;パドヴァバンク;;;;;;;;;;X;;
PROV2045;マラバル海岸;;;;;;;;;;X;;
PROV2046;ナインディグリー海峡;;;;;;;;;;X;;
PROV2047;マンナル湾;;;;;;;;;;X;;
PROV2048;中央インド洋海盆北部;;;;;;;;;;X;;
PROV2049;チャゴス・ラカディブ海台南部;;;;;;;;;;X;;
PROV2050;マスカリン海台東部;;;;;;;;;;X;;
PROV2051;中央インド洋海嶺北部;;;;;;;;;;X;;
PROV2052;中央インド洋海盆中部;;;;;;;;;;X;;
PROV2053;東経90度海嶺北部;;;;;;;;;;X;;
PROV2054;ベンガル湾南部;;;;;;;;;;X;;
PROV2055;ベンガル湾中部;;;;;;;;;;X;;
PROV2056;アンダマン海西部;;;;;;;;;;X;;
PROV2057;ポーク海峡;;;;;;;;;;X;;
PROV2058;クリシュナー河口;;;;;;;;;;X;;
PROV2059;ガンジス河口西部;;;;;;;;;;X;;
PROV2060;ガンジス河口東部;;;;;;;;;;X;;
PROV2061;マルタパン湾;;;;;;;;;;X;;
PROV2062;アンダマン海南部;;;;;;;;;;X;;
PROV2063;中央インド洋海嶺中部;;;;;;;;;;X;;
PROV2064;中央インド洋海嶺南部;;;;;;;;;;X;;
PROV2065;マダガスカル海盆南東部;;;;;;;;;;X;;
PROV2066;クロゼ海盆;;;;;;;;;;X;;
PROV2067;南東インド洋海嶺;;;;;;;;;;X;;
PROV2068;ブロークン海嶺西部;;;;;;;;;;X;;
PROV2069;ブロークン海嶺東部;;;;;;;;;;X;;
PROV2070;中央インド洋海盆南部;;;;;;;;;;X;;
PROV2071;東経90度海嶺南部;;;;;;;;;;X;;
PROV2072;アンダマン海東部;;;;;;;;;;X;;
PROV2073;マラッカ海峡北部;;;;;;;;;;X;;
PROV2074;タパヌリ湾;;;;;;;;;;X;;
PROV2075;ムンタワイ海峡;;;;;;;;;;X;;
PROV2076;ジャワ海溝中部;;;;;;;;;;X;;
PROV2077;スンダ海峡;;;;;;;;;;X;;
PROV2078;インベスティゲータ海嶺;;;;;;;;;;X;;
PROV2079;ワラビー海台;;;;;;;;;;X;;
PROV2080;ジャワ海溝南部;;;;;;;;;;X;;
PROV2081;ジャワ海溝東部;;;;;;;;;;X;;
PROV2082;北オーストラリア海盆;;;;;;;;;;X;;
PROV2083;キュビエ海台;;;;;;;;;;X;;
PROV2084;パース海盆;;;;;;;;;;X;;
PROV2085;カバラティ;ラクシャディープ諸島;;;;;;;;;;;X
PROV2086;西部大陸斜面;;;;;;;;;;X;;
PROV2087;ナチュラリスト岬;;;;;;;;;;X;;
PROV2088;シャーク湾;;;;;;;;;;X;;
PROV2089;エクスマウス湾;;;;;;;;;;X;;
PROV2090;エクスマウス海台;;;;;;;;;;X;;
PROV2091;コールカーター;;;;;;;;;;X;;
PROV2092;バレーリー;;;;;;;;;;X;;
PROV2093;東部大陸斜面;;;;;;;;;;X;;
PROV2094;パトナ;;;;;;;;;;X;;
PROV2095;サンディ湾;;;;;;;;;;X;;
PROV2096;ヘッドオブバイト;;;;;;;;;;X;;
PROV2097;スペンサー湾;;;;;;;;;;X;;
PROV2098;バス海峡西部;;;;;;;;;;X;;
PROV2099;ヴィジャヤワーダ;;;;;;;;;;X;;
PROV2100;バス海峡東部;;;;;;;;;;X;;
PROV2101;南ソロモン海溝東部;;;;;;;;;;X;;
PROV2102;ウェスト岬;;;;;;;;;;X;;
PROV2103;フォーボー海峡;;;;;;;;;;X;;
PROV2104;アイザウル;;;;;;;;;;X;;
PROV2105;ホーク湾;;;;;;;;;;X;;
PROV2106;ティルッチラーッパッリ;;;;;;;;;;X;;
PROV2107;ニューカレドニア海盆;;;;;;;;;;X;;
PROV2108;ノース岬;;;;;;;;;;X;;
PROV2109;ロードハウ海膨;;;;;;;;;;X;;
PROV2110;クック海峡;;;;;;;;;;X;;
PROV2111;ワメナ;;;;;;;;;;X;;
PROV2112;バイロン岬;;;;;;;;;;X;;
PROV2113;グレートバリアリーフ南西部;;;;;;;;;;X;;
PROV2114;グレートバリアリーフ南東部;;;;;;;;;;X;;
PROV2115;南ソロモン海溝中部;;;;;;;;;;X;;
PROV2116;グレートバリアリーフ北東部;;;;;;;;;;X;;
PROV2117;ソロモン海中部;;;;;;;;;;X;;
PROV2118;スロット;;;;;;;;;;X;;
PROV2119;ソロモン海南部;;;;;;;;;;X;;
PROV2120;南ソロモン海溝西部;;;;;;;;;;X;;
PROV2121;セントジョージ海峡;;;;;;;;;;X;;
PROV2122;フオン湾;;;;;;;;;;X;;
PROV2123;イザベル海峡;;;;;;;;;;X;;
PROV2124;ジャイプル;;;;;;;;;;X;;
PROV2125;スポット;;;;;;;;;;X;;
PROV2126;パプア湾;;;;;;;;;;X;;
PROV2127;グッドイナフ湾;;;;;;;;;;X;;
PROV2128;グレートバリアリーフ北西部;;;;;;;;;;X;;
PROV2129;カーペンタリア湾;;;;;;;;;;X;;
PROV2130;メラウケ沿岸;;;;;;;;;;X;;
PROV2131;トレス海峡;;;;;;;;;;X;;
PROV2132;フラミンゴ湾;;;;;;;;;;X;;
PROV2133;アラー;;;;;;;;;;X;;
PROV2134;エゲロン海峡;;;;;;;;;;X;;
PROV2135;バンダ海南部;;;;;;;;;;X;;
PROV2136;アラフラ陸棚;;;;;;;;;;X;;
PROV2137;バンディーメン湾;;;;;;;;;;X;;
PROV2138;サブ海;;;;;;;;;;X;;
PROV2139;モルッカ海南部;;;;;;;;;;X;;
PROV2140;サペ海峡;;;;;;;;;;X;;
PROV2141;マドゥラ海峡;;;;;;;;;;X;;
PROV2142;バリ海峡;;;;;;;;;;X;;
PROV2143;アワラワル岬;;;;;;;;;;X;;
PROV2144;ガスパー海峡;;;;;;;;;;X;;
PROV2145;セラサン海峡;;;;;;;;;;X;;
PROV2146;バンカ海峡;;;;;;;;;;X;;
PROV2147;マラッカ海峡南部;;;;;;;;;;X;;
PROV2148;バンコク湾;;;;;;;;;;X;;
PROV2149;シャム湾東部;;;;;;;;;;X;;
PROV2150;シャム湾西部;;;;;;;;;;X;;
PROV2151;シンガポール海峡;;;;;;;;;;X;;
PROV2152;南沙海南部;;;;;;;;;;X;;
PROV2153;ブルネイ湾;;;;;;;;;;X;;
PROV2154;南沙海中部;;;;;;;;;;X;;
PROV2155;カムラン湾;;;;;;;;;;X;;
PROV2156;トンキン湾;;;;;;;;;;X;;
PROV2157;南沙海北部;;;;;;;;;;X;;
PROV2158;海南海峡;;;;;;;;;;X;;
PROV2159;パラワン海峡;;;;;;;;;;X;;
PROV2160;セレベス海西部;;;;;;;;;;X;;
PROV2161;マカッサル海峡;;;;;;;;;;X;;
PROV2162;モルッカ海北部;;;;;;;;;;X;;
PROV2163;モルッカ海中部;;;;;;;;;;X;;
PROV2164;セラム海;;;;;;;;;;X;;
PROV2165;バンダ海北部;;;;;;;;;;X;;
PROV2166;セレベス海東部;;;;;;;;;;X;;
PROV2167;ヘールフィンク湾;;;;;;;;;;X;;
PROV2168;フンボルト湾;;;;;;;;;;X;;
PROV2169;ダンピール海峡;;;;;;;;;;X;;
PROV2170;東カロリン海盆;;;;;;;;;;X;;
PROV2171;フィジー西部海盆;;;;;;;;;;X;;
PROV2172;マーシャル諸島南部;;;;;;;;;;X;;
PROV2173;マゼラン海山列南部;;;;;;;;;;X;;
PROV2174;マーシャル諸島北部;;;;;;;;;;X;;
PROV2175;フブリ;;;;;;;;;;X;;
PROV2176;マリアナトラフ;;;;;;;;;;X;;
PROV2177;ヤップ海溝;;;;;;;;;;X;;
PROV2178;西カロリン海盆;;;;;;;;;;X;;
PROV2179;ブカ海峡;;;;;;;;;;X;;
PROV2180;フィジー東部海盆;;;;;;;;;;X;;
PROV2181;マリアナ海溝北部;;;;;;;;;;X;;
PROV2182;マリアナ海溝西部;;;;;;;;;;X;;
PROV2183;九洲・パラオ海溝北部;;;;;;;;;;X;;
PROV2184;琉球海溝;;;;;;;;;;X;;
PROV2185;琉球南部;;;;;;;;;;X;;
PROV2186;杭洲湾;ハンチョウ湾;;;;;;;;;;;X
PROV2187;琉球北部;;;;;;;;;;X;;
PROV2188;黄海南部;;;;;;;;;;X;;
PROV2189;黄海北部;;;;;;;;;;X;;
PROV2190;渤海;ボーハイ;;;;;;;;;;;X
PROV2191;ウラジオストク湾;;;;;;;;;;X;;
PROV2192;対馬海峡;;;;;;;;;;X;;
PROV2193;瀬戸内海;;;;;;;;;;X;;
PROV2194;富山湾;;;;;;;;;;X;;
PROV2195;伊豆海溝;;;;;;;;;;X;;
PROV2196;小笠原海溝;;;;;;;;;;X;;
PROV2197;太平洋海山群;;;;;;;;;;X;;
PROV2198;バスタール;;;;;;;;;;X;;
PROV2199;ゴーラクプル;;;;;;;;;;X;;
PROV2200;中部太平洋海山群南西部;;;;;;;;;;X;;
PROV2201;中部太平洋海山群南東部;;;;;;;;;;X;;
PROV2202;ギルバート諸島;;;;;;;;;;X;;
PROV2203;マップメーカー海山群;;;;;;;;;;X;;
PROV2204;グロブナー海山;;;;;;;;;;X;;
PROV2205;日本海溝;;;;;;;;;;X;;
PROV2206;マカロフ海山;;;;;;;;;;X;;
PROV2207;シャッキー海膨;;;;;;;;;;X;;
PROV2208;天皇海山列;;;;;;;;;;X;;
PROV2209;ヘス海膨;;;;;;;;;;X;;
PROV2210;イサコフ海山;;;;;;;;;;X;;
PROV2211;千島海峡南部;;;;;;;;;;X;;
PROV2212;網走湾;;;;;;;;;;X;;
PROV2213;津軽海峡;;;;;;;;;;X;;
PROV2214;千島海盆西部;;;;;;;;;;X;;
PROV2215;タタール湾;タタール海峡南部;;;;;;;;;;;X
PROV2216;間宮海峡;タタール海峡北部;;;;;;;;;;;X
PROV2217;樺太湾;サハリン湾;;;;;;;;;;;X
PROV2218;ウルバン湾;;;;;;;;;;X;;
PROV2219;束草;ソクチョ;;;;;;;;;;;X
PROV2220;オホーツク海中部;;;;;;;;;;X;;
PROV2221;タウイ湾;;;;;;;;;;X;;
PROV2222;千島海盆東部;;;;;;;;;;X;;
PROV2223;千島海峡;;;;;;;;;;X;;
PROV2224;オホーツク海東部;;;;;;;;;;X;;
PROV2225;シェリホフ湾;;;;;;;;;;X;;
PROV2226;大田;テジョン;;;;;;;;;;;X
PROV2227;クロノツキー湾;;;;;;;;;;X;;
PROV2228;カムチャッカ湾;;;;;;;;;;X;;
PROV2229;千島海溝北部;;;;;;;;;;X;;
PROV2230;アリューシャン海盆南西部;;;;;;;;;;X;;
PROV2231;開城;ケソン;;;;;;;;;;;X
PROV2232;アリューシャン海盆中部;;;;;;;;;;X;;
PROV2233;フィジー北部海盆;;;;;;;;;;X;;
PROV2234;ココス諸島;;;;;;;;;;X;;
PROV2235;シルショフ海嶺南部;;;;;;;;;;X;;
PROV2236;沙里院;サリウォン;;;;;;;;;;;X
PROV2237;アナディル湾;;;;;;;;;;X;;
PROV2238;フライング・フィッシュ・コーブ;クリスマス島;;;;;;;;;;;X
PROV2239;東南ソロモン海溝;;;;;;;;;;X;;
PROV2240;カルーガ;;;;;;;;;;X;;
PROV2241;新京;シンジン;;;;;;;;;;;X
PROV2242;ポー;;;;;;;;;;X;;
PROV2243;ログローニョ;;;;;;;;;;X;;
PROV2244;パンプローナ;;;;;;;;;;X;;
PROV2245;カーライル;;;;;;;;;;X;;
PROV2246;烏蘭浩特;ウランホト;;;;;;;;;;;X
PROV2247;カロリン諸島東部;;;;;;;;;;X;;
PROV2248;カロリン諸島北部;;;;;;;;;;X;;
PROV2249;カロリン諸島中部;;;;;;;;;;X;;
PROV2250;フィリピン海溝南部;;;;;;;;;;X;;
PROV2251;ダバオ湾;;;;;;;;;;X;;
PROV2252;パナイ湾;;;;;;;;;;X;;
PROV2253;スリガオ海峡;;;;;;;;;;X;;
PROV2254;シブヤン海;;;;;;;;;;X;;
PROV2255;タスカルーサ;;;;;;;;;;X;;
PROV2256;マニラ湾;;;;;;;;;;X;;
PROV2257;リンガエン湾;;;;;;;;;;X;;
PROV2258;ラモン湾;;;;;;;;;;X;;
PROV2259;サウスヘヴン;;;;;;;;;;X;;
PROV2260;オーラス湾;;;;;;;;;;X;;
PROV2261;ミネアポリス;;;;;;;;;;X;;
PROV2262;バブヤン海峡;;;;;;;;;;X;;
PROV2263;シェンチュワン湾;;;;;;;;;;X;;
PROV2264;フィリピン海溝北部;;;;;;;;;;X;;
PROV2265;フィリピン海溝中部;;;;;;;;;;X;;
PROV2266;九洲・パラオ海溝南部;;;;;;;;;;X;;
PROV2267;パラオ海溝;;;;;;;;;;X;;
PROV2268;アガラス岬;;;;;;;;;;X;;
PROV2269;フォルス湾;;;;;;;;;;X;;
PROV2270;ウォルビス海嶺西部;;;;;;;;;;X;;
PROV2271;アンゴラ深海平原中部;;;;;;;;;;X;;
PROV2272;ウォルビス海嶺東部;;;;;;;;;;X;;
PROV2273;マクダガルス湾;;;;;;;;;;X;;
PROV2274;ウォルビス湾;;;;;;;;;;X;;
PROV2275;フリア岬;;;;;;;;;;X;;
PROV2276;アンゴラ沿岸;;;;;;;;;;X;;
PROV2277;コンゴ海底扇状地東部;;;;;;;;;;X;;
PROV2278;ロペス岬;;;;;;;;;;X;;
PROV2279;コリスコ湾;;;;;;;;;;X;;
PROV2280;ニジェール川デルタ;;;;;;;;;;X;;
PROV2281;伊春;イーチュン;;;;;;;;;;;X
PROV2282;アフリカ湖沼;;;;;;;;;;X;;
PROV2283;ブジュンブラ;;;;;;;;;;X;;
PROV2284;グル;;;;;;;;;;X;;
PROV2285;ギニア湾東部;;;;;;;;;;X;;
PROV2286;コンゴ海底扇状地西部;;;;;;;;;;X;;
PROV2287;ギニア海盆東部;;;;;;;;;;X;;
PROV2288;ギニア湾中西部;;;;;;;;;;X;;
PROV2289;奴隷海岸;スレイブコースト;;;;;;;;;;;X
PROV2290;黄金海岸;ゴールドコースト;;;;;;;;;;;X
PROV2291;象牙海岸;アイヴォリーコースト;;;;;;;;;;;X
PROV2292;胡椒海岸;ペッパーコースト;;;;;;;;;;;X
PROV2293;レオネアン諸島;;;;;;;;;;X;;
PROV2294;ビジャゴス諸島;;;;;;;;;;X;;
PROV2295;ガンビア海盆;;;;;;;;;;X;;
PROV2296;ガンビア湾;;;;;;;;;;X;;
PROV2297;ブラン岬;;;;;;;;;;X;;
PROV2298;ヴェルデ岬海域南部;;;;;;;;;;X;;
PROV2299;ヴェルデ岬海域北部;;;;;;;;;;X;;
PROV2300;カナリア諸島海域;;;;;;;;;;X;;
PROV2301;シントラ湾;;;;;;;;;;X;;
PROV2302;ボハドル岬;;;;;;;;;;X;;
PROV2303;ドラー岬;;;;;;;;;;X;;
PROV2304;アゾレス海南部;;;;;;;;;;X;;
PROV2305;大西洋中央海嶺東部;;;;;;;;;;X;;
PROV2306;大西洋中央海嶺中東部;;;;;;;;;;X;;
PROV2307;北大西洋中央海嶺中南部;;;;;;;;;;X;;
PROV2308;南大西洋中央海嶺中部;;;;;;;;;;X;;
PROV2309;北大西洋中央海嶺中部;;;;;;;;;;X;;
PROV2310;サルガッソー南東部;;;;;;;;;;X;;
PROV2311;銅仁;トンレン;;;;;;;;;;;X
PROV2312;バミューダ東部;;;;;;;;;;X;;
PROV2313;ギアナ海盆北部;;;;;;;;;;X;;
PROV2314;バミューダ南部;;;;;;;;;;X;;
PROV2315;バミューダ西部;;;;;;;;;;X;;
PROV2316;ブレーク海台;;;;;;;;;;X;;
PROV2317;凌源;リンユエン;;;;;;;;;;;X
PROV2318;ラン平;ルァンピン;;;;;;;;;;;X
PROV2319;メツォヴォ;;;;;;;;;;X;;
PROV2320;北米湖湖;;;;;;;;;;X;;
PROV2321;アレクサンドルーポリ;;;;;;;;;;X;;
PROV2322;エディルネ;;;;;;;;;;X;;
PROV2323;ハスコヴォ;;;;;;;;;;X;;
PROV2324;ヴァルナ ;;;;;;;;;;X;;
PROV2325;フィウーメ;;;;;;;;;;X;;
PROV2326;カポディストリア;コペル;;;;;;;;;;;X
PROV2327;リンツ;;;;;;;;;;X;;
PROV2328;ザンクト・ペルテン;;;;;;;;;;X;;
PROV2329;アイゼンシュタット;;;;;;;;;;X;;
PROV2330;チェスターフィールド湾;;;;;;;;;;X;;
PROV2331;タンジェ;;;;;;;;;;X;;
PROV2332;ナドル;;;;;;;;;;X;;
PROV2333;白山;バイシャン;;;;;;;;;;;X
PROV2334;ブル;;;;;;;;;;X;;
PROV2335;メルヴィル湾;;;;;;;;;;X;;
PROV2336;カンバーランド海峡;;;;;;;;;;X;;
PROV2337;通遼;トンリャオ;;;;;;;;;;;X
PROV2338;渾江;フンジャン;;;;;;;;;;;X
PROV2339;マラボ;;;;;;;;;;X;;
PROV2340;瀋陽;シェンヤン;;;;;;;;;;;X
PROV2341;鉄嶺;ティエリン;;;;;;;;;;;X
PROV2342;アソーサ;;;;;;;;;;X;;
PROV2343;セントローレンス湾;;;;;;;;;;X;;
PROV2344;鉄法;ティエファ;;;;;;;;;;;X
PROV2345;撫順;フーシュン;;;;;;;;;;;X
PROV2346;遼陽;リャオヤン;;;;;;;;;;;X
PROV2347;錦州;ジンヂョウ;;;;;;;;;;;X
PROV2348;阜新;フーシン;;;;;;;;;;;X
PROV2349;鞍山;アンシャン;;;;;;;;;;;X
PROV2350;ニューイングランド陸棚;;;;;;;;;;X;;
PROV2351;バミューダ北部;;;;;;;;;;X;;
PROV2352;セーブル島バンク;;;;;;;;;;X;;
PROV2353;ニューイングランド海山群;;;;;;;;;;X;;
PROV2354;グランドバンクス;;;;;;;;;;X;;
PROV2355;コーナースピアマウンツ;;;;;;;;;;X;;
PROV2356;南大西洋中央海嶺北部;;;;;;;;;;X;;
PROV2357;アゾレス海東部;;;;;;;;;;X;;
PROV2358;アゾレス海北部;;;;;;;;;;X;;
PROV2359;ギッブス断裂帯東部;;;;;;;;;;X;;
PROV2360;フレミッシュ岬;;;;;;;;;;X;;
PROV2361;ギッブス断裂帯西部;;;;;;;;;;X;;
PROV2362;ラブラドール海南西部;;;;;;;;;;X;;
PROV2363;デービス海峡;;;;;;;;;;X;;
PROV2364;ラブラドール海中南部;;;;;;;;;;X;;
PROV2365;スポケーン;;;;;;;;;;X;;
PROV2366;スキョルンゲンバンク;;;;;;;;;;X;;
PROV2367;ヘレナ;;;;;;;;;;X;;
PROV2368;デンマーク海峡北西部;;;;;;;;;;X;;
PROV2369;デンマーク海峡中部;;;;;;;;;;X;;
PROV2370;イルミンガー海盆;;;;;;;;;;X;;
PROV2371;ラブラドール海中部;;;;;;;;;;X;;
PROV2372;ラブラドール海南部;;;;;;;;;;X;;
PROV2373;デンマーク海峡南部;;;;;;;;;;X;;
PROV2374;ファクサ湾;;;;;;;;;;X;;
PROV2375;フーナ湾;;;;;;;;;;X;;
PROV2376;グリーンランド海西部;;;;;;;;;;X;;
PROV2377;グレートフォールズ;;;;;;;;;;X;;
PROV2378;グリーンランド海中部;;;;;;;;;;X;;
PROV2379;グリーンランド海東部;;;;;;;;;;X;;
PROV2380;グリーンランド海南部;;;;;;;;;;X;;
PROV2381;カニン岬;;;;;;;;;;X;;
PROV2382;バレンツ海中部;;;;;;;;;;X;;
PROV2383;バレンツ海南部;;;;;;;;;;X;;
PROV2384;白海;;;;;;;;;;X;;
PROV2385;バランゲルフィヨルド;;;;;;;;;;X;;
PROV2386;ノールカップ岬;;;;;;;;;;X;;
PROV2387;アルタフィヨルド;;;;;;;;;;X;;
PROV2388;ベストフィヨルド;;;;;;;;;;X;;
PROV2389;トロンヘイムフィヨルド;;;;;;;;;;X;;
PROV2390;モルデフィヨルド;;;;;;;;;;X;;
PROV2391;ノルウェー海中部;;;;;;;;;;X;;
PROV2392;ソグネフィヨルド;;;;;;;;;;X;;
PROV2393;ボクナフィヨルド;;;;;;;;;;X;;
PROV2394;北海中南部;;;;;;;;;;X;;
PROV2395;テムズ河口;;;;;;;;;;X;;
PROV2396;ウォッシュ湾;;;;;;;;;;X;;
PROV2397;テイ河口;;;;;;;;;;X;;
PROV2398;フォース湾;;;;;;;;;;X;;
PROV2399;ドッガーバンク;;;;;;;;;;X;;
PROV2400;北海中西部;;;;;;;;;;X;;
PROV2401;ロッコールバンク;;;;;;;;;;X;;
PROV2402;ペントランド湾;;;;;;;;;;X;;
PROV2403;ミンチ海峡;;;;;;;;;;X;;
PROV2404;リトルミンチ海峡;;;;;;;;;;X;;
PROV2405;ノース海峡;;;;;;;;;;X;;
PROV2406;ソルウェイ湾;;;;;;;;;;X;;
PROV2407;ドニゴール湾;;;;;;;;;;X;;
PROV2408;ゴールウェー湾;;;;;;;;;;X;;
PROV2409;シャノン河口;;;;;;;;;;X;;
PROV2410;セントジョージ海峡;;;;;;;;;;X;;
PROV2411;ケルト海;;;;;;;;;;X;;
PROV2412;イギリス海峡東部;;;;;;;;;;X;;
PROV2413;イギリス海峡西部;;;;;;;;;;X;;
PROV2414;イギリス海峡入口;;;;;;;;;;X;;
PROV2415;ビスカヤ湾北部;;;;;;;;;;X;;
PROV2416;ビスカヤ湾中部;;;;;;;;;;X;;
PROV2417;ビスカヤ湾南部;;;;;;;;;;X;;
PROV2418;ビスカヤ湾南西部;;;;;;;;;;X;;
PROV2419;コスタヴェルデ;;;;;;;;;;X;;
PROV2420;ビスカヤ海盆西部;;;;;;;;;;X;;
PROV2421;ハットンバンク;;;;;;;;;;X;;
PROV2422;ケルト陸棚西部;;;;;;;;;;X;;
PROV2423;アゾレス海西部;;;;;;;;;;X;;
PROV2424;イベリア陸棚南部;;;;;;;;;;X;;
PROV2425;リアスバハス;;;;;;;;;;X;;
PROV2426;ポルト沿岸;;;;;;;;;;X;;
PROV2427;リスボン沿岸;;;;;;;;;;X;;
PROV2428;カディス湾;;;;;;;;;;X;;
PROV2429;モロッコ湾;;;;;;;;;;X;;
PROV2430;ジブラルタル海峡;;;;;;;;;;X;;
PROV2431;アルメリア湾;;;;;;;;;;X;;
PROV2432;ブランカ沿岸;;;;;;;;;;X;;
PROV2433;バレアス海;;;;;;;;;;X;;
PROV2434;アルジェ沿岸;;;;;;;;;;X;;
PROV2435;リヨン湾中部;;;;;;;;;;X;;
PROV2436;フィリップビル沿岸;;;;;;;;;;X;;
PROV2437;カリアリ湾;;;;;;;;;;X;;
PROV2438;ジェノヴァ湾;;;;;;;;;;X;;
PROV2439;リグリア海;;;;;;;;;;X;;
PROV2440;ガベス湾;;;;;;;;;;X;;
PROV2441;サレルノ湾;;;;;;;;;;X;;
PROV2442;シドラ湾;;;;;;;;;;X;;
PROV2443;タラント湾;;;;;;;;;;X;;
PROV2444;アドリア海北部;;;;;;;;;;X;;
PROV2445;アドリア海中部;;;;;;;;;;X;;
PROV2446;アドリア海南部;;;;;;;;;;X;;
PROV2447;ジェール;;;;;;;;;;X;;
PROV2448;イオニア海;;;;;;;;;;X;;
PROV2449;スリナ;;;;;;;;;;X;;
PROV2450;カララシ;;;;;;;;;;X;;
PROV2451;トブルク沿岸;;;;;;;;;;X;;
PROV2452;レヴァント海;;;;;;;;;;X;;
PROV2453;スエズ運河;;;;;;;;;;X;;
PROV2454;アレキサンドリア沿岸;;;;;;;;;;X;;
PROV2455;紅海北部;;;;;;;;;;X;;
PROV2456;紅海南部;;;;;;;;;;X;;
PROV2457;アデン湾西部;;;;;;;;;;X;;
PROV2458;アデン湾中部;;;;;;;;;;X;;
PROV2459;アデン湾東部;;;;;;;;;;X;;
PROV2460;ハサブ;;;;;;;;;;X;;
PROV2461;ソマリア沿岸南東部;;;;;;;;;;X;;
PROV2462;ソマリ海盆西部;;;;;;;;;;X;;
PROV2463;クレタ海;;;;;;;;;;X;;
PROV2464;エーゲ海北部;;;;;;;;;;X;;
PROV2465;黒海南部;;;;;;;;;;X;;
PROV2466;黒海中部;;;;;;;;;;X;;
PROV2467;黒海南東部;;;;;;;;;;X;;
PROV2468;アゾフ海;;;;;;;;;;X;;
PROV2469;ロシア湖沼;;;;;;;;;;X;;
PROV2470;ナヒチェヴァン;;;;;;;;;;X;;
PROV2471;クロマティ湾;;;;;;;;;;X;;
PROV2472;ワッデン海;;;;;;;;;;X;;
PROV2473;ヘルゴラント湾;;;;;;;;;;X;;
PROV2474;スカゲラク海峡;;;;;;;;;;X;;
PROV2475;カテガット海峡;;;;;;;;;;X;;
PROV2476;ストア海峡;;;;;;;;;;X;;
PROV2477;ポメラニア湾;;;;;;;;;;X;;
PROV2478;ダンツィヒ湾;;;;;;;;;;X;;
PROV2479;カルマル海峡;;;;;;;;;;X;;
PROV2480;クールラント礁湖;;;;;;;;;;X;;
PROV2481;ストックホルム沿岸;;;;;;;;;;X;;
PROV2482;バルト海中部;;;;;;;;;;X;;
PROV2483;リガ湾;;;;;;;;;;X;;
PROV2484;フィンランド湾;;;;;;;;;;X;;
PROV2485;鶴崗;;;;;;;;;;;;X
PROV2486;斉斉哈爾;;;;;;;;;;;;X
PROV2487;扶余;;;;;;;;;;;;X
PROV2488;チェレポヴェツ;;;;;;;;;;X;;
PROV2489;ボスニア湾南西部;;;;;;;;;;X;;
PROV2490;ヨーロッパ北部湖沼;;;;;;;;;;X;;
PROV2491;ボスニア湾南東部;;;;;;;;;;X;;
PROV2492;ボスニア湾中部;;;;;;;;;;X;;
PROV2493;ボスニア湾北西部;;;;;;;;;;X;;
PROV2494;ボスニア湾北東部;;;;;;;;;;X;;
PROV2495;ギニア海盆西部;;;;;;;;;;X;;
PROV2496;ムスル;;;;;;;;;;X;;
PROV2497;ギニア深海平原;;;;;;;;;;X;;
PROV2498;アンゴラ深海平原西部;;;;;;;;;;X;;
PROV2499;アルゼンチン深海平原東部;;;;;;;;;;X;;
PROV2500;アルゼンチン深海平原中部;;;;;;;;;;X;;
PROV2501;アルゼンチン深海平原西部;;;;;;;;;;X;;
PROV2502;襄樊;;;;;;;;;;;;X
PROV2503;隴南;;;;;;;;;;;;X
PROV2504;銀川;;;;;;;;;;;;X
PROV2505;安康;;;;;;;;;;;;X
PROV2506;アルゼンチン深海平原北部;;;;;;;;;;X;;
PROV2507;宝鶏;;;;;;;;;;;;X
PROV2508;駐馬店;;;;;;;;;;;;X
PROV2509;アヌシー;;;;;;;;;;X;;
PROV2510;ブラジル深海平原;;;;;;;;;;X;;
PROV2511;双遼;;;;;;;;;;;;X
PROV2512;セアラ深海平原東部;;;;;;;;;;X;;
PROV2513;周口;;;;;;;;;;;;X
PROV2514;ショーモン;;;;;;;;;;X;;
PROV2515;許昌;;;;;;;;;;;;X
PROV2516;新郷;;;;;;;;;;;;X
PROV2517;長治;;;;;;;;;;;;X
PROV2518;陽泉;;;;;;;;;;;;X
PROV2519;小アンティル諸島;;;;;;;;;;X;;
PROV2520;忻州;;;;;;;;;;;;X
PROV2521;モナ海峡;;;;;;;;;;X;;
PROV2522;カ沢;;;;;;;;;;;;X
PROV2523;南宮;;;;;;;;;;;;X
PROV2524;ウインドワード海峡;;;;;;;;;;X;;
PROV2525;保定;;;;;;;;;;;;X
PROV2526;滄州;;;;;;;;;;;;X
PROV2527;唐山;;;;;;;;;;;;X
PROV2528;聊城;;;;;;;;;;;;X
PROV2529;青島;;;;;;;;;;;;X
PROV2530;い坊;;;;;;;;;;;;X
PROV2531;し博;;;;;;;;;;;;X
PROV2532;メキシコ湾;;;;;;;;;;X;;
PROV2533;済南;;;;;;;;;;X;;
PROV2534;徳州;;;;;;;;;;X;;
PROV2535;フロリダ海峡;;;;;;;;;;X;;
PROV2536;オールドバハマ海峡;;;;;;;;;;X;;
PROV2537;クロックド島海峡;;;;;;;;;;X;;
PROV2538;ザンジバル;;;;;;;;;;X;;
PROV2539;マヤグアナ海峡;;;;;;;;;;X;;
PROV2540;サルガッソー海南部;;;;;;;;;;X;;
PROV2541;アンティル陸棚北部;;;;;;;;;;X;;
PROV2542;セアラ深海平原西部;;;;;;;;;;X;;
PROV2543;ギアナ海盆;;;;;;;;;;X;;
PROV2544;ギアナ海盆東部;;;;;;;;;;X;;
PROV2545;南大西洋中央海嶺中南部;;;;;;;;;;X;;
PROV2546;ロマンシュ海裂西部;;;;;;;;;;X;;
PROV2547;ロマンシュ海裂東部;;;;;;;;;;X;;
PROV2548;アルゼンチン深海平原北東部;;;;;;;;;;X;;
PROV2549;ロマンシュ海裂南部;;;;;;;;;;X;;
PROV2550;広元;;;;;;;;;;;;X
PROV2551;重慶;;;;;;;;;;;;X
PROV2552;フンボルト深海平原北東部;;;;;;;;;;X;;
PROV2553;ペルー・チリ海溝北部;;;;;;;;;;X;;
PROV2554;ナスカ海嶺南部;;;;;;;;;;X;;
PROV2555;エヴルー;;;;;;;;;;X;;
PROV2556;陽朔;;;;;;;;;;X;;
PROV2557;ディジョン;;;;;;;;;;X;;
PROV2558;じょ州;;;;;;;;;;X;;
PROV2559;楽山;;;;;;;;;;X;;
PROV2560;宜賓;;;;;;;;;;X;;
PROV2561;倍陵;;;;;;;;;;X;;
PROV2562;ネッカー海嶺;;;;;;;;;;X;;
PROV2563;ハワイ海膨東部;;;;;;;;;;X;;
PROV2564;クラリオン断裂帯中部;;;;;;;;;;X;;
PROV2565;クラリオン断裂帯東部;;;;;;;;;;X;;
PROV2566;東太平洋海膨;;;;;;;;;;X;;
PROV2567;景徳鎮;;;;;;;;;;X;;
PROV2568;上饒;;;;;;;;;;X;;
PROV2569;南昌;;;;;;;;;;X;;
PROV2570;江山;;;;;;;;;;X;;
PROV2571;嘉興;;;;;;;;;;X;;
PROV2572;麗水;;;;;;;;;;X;;
PROV2573;黄山;;;;;;;;;;X;;
PROV2574;貴池;;;;;;;;;;X;;
PROV2575;パナマ運河;;;;;;;;;;X;;
PROV2576;衡水;;;;;;;;;;X;;
PROV2577;アンティル陸棚南部;;;;;;;;;;X;;
PROV2578;グランドケイマン;;;;;;;;;;X;;
PROV2579;タンパ湾;;;;;;;;;;X;;
PROV2580;ギニア湾西部;;;;;;;;;;X;;
PROV2581;ギニア湾中東部;;;;;;;;;;X;;
PROV2582;アンゴラ深海平原東部;;;;;;;;;;X;;
PROV2583;ナタル海盆西部;;;;;;;;;;X;;
PROV2584;ソマリ海盆北部;;;;;;;;;;X;;
PROV2585;アラビア海盆北部;;;;;;;;;;X;;
PROV2586;アラビア海盆東部;;;;;;;;;;X;;
PROV2587;チャゴス・ラカディブ海台北部;;;;;;;;;;X;;
PROV2588;ジャワ海溝西部;;;;;;;;;;X;;
PROV2589;東京湾;;;;;;;;;;X;;
PROV2590;石狩湾;;;;;;;;;;X;;
PROV2591;タスマン海台東部;;;;;;;;;;X;;
PROV2592;ディブルーガル;;;;;;;;;;X;;
PROV2593;マデイラ諸島海域;;;;;;;;;;X;;
PROV2594;ヴェルデ岬海域東部;;;;;;;;;;X;;
PROV2595;イベリア陸棚北部;;;;;;;;;;X;;
PROV2596;ビスカヤ海盆東部;;;;;;;;;;X;;
PROV2597;ケルト陸棚東部;;;;;;;;;;X;;
PROV2598;フェロー諸島中部;;;;;;;;;;X;;
PROV2599;フェロー諸島北東部;;;;;;;;;;X;;
PROV2600;北海中東部;;;;;;;;;;X;;
PROV2601;ノルウェー海北部;;;;;;;;;;X;;
PROV2602;レシツァ;;;;;;;;;;X;;
PROV2603;トゥルヌ・セヴェリン;;;;;;;;;;X;;
PROV2604;ガラーティ;;;;;;;;;;X;;
PROV2605;カフル;;;;;;;;;;X;;
PROV2606;メーメル;;;;;;;;;;X;;
PROV2607;静岡県;;;;;;;;;;X;;
PROV2608;富山県;;;;;;;;;;X;;
PROV2609;岐阜県;;;;;;;;;;X;;
PROV2610;愛知県;;;;;;;;;;X;;
PROV2611;石川県;;;;;;;;;;X;;
PROV2612;福井県;;;;;;;;;;X;;
PROV2613;滋賀県;;;;;;;;;;X;;
PROV2614;三重県;;;;;;;;;;X;;
PROV2615;京都府;;;;;;;;;;X;;
PROV2616;奈良県;;;;;;;;;;X;;
PROV2617;和歌山県;;;;;;;;;;X;;
PROV2618;大阪府;;;;;;;;;;X;;
PROV2619;兵庫県;;;;;;;;;;X;;
PROV2620;鳥取県;;;;;;;;;;X;;
PROV2621;岡山県;;;;;;;;;;X;;
PROV2622;島根県;;;;;;;;;;X;;
PROV2623;広島県;;;;;;;;;;X;;
PROV2624;山口県;;;;;;;;;;X;;
PROV2625;香川県;;;;;;;;;;X;;
PROV2626;徳島県;;;;;;;;;;X;;
PROV2627;愛媛県;;;;;;;;;;X;;
PROV2628;高知県;;;;;;;;;;X;;
PROV2629;福岡県;;;;;;;;;;X;;
PROV2630;大分県;;;;;;;;;;X;;
PROV2631;佐賀県;;;;;;;;;;X;;
PROV2632;長崎県;;;;;;;;;;X;;
PROV2633;宮崎県;;;;;;;;;;X;;
PROV2634;熊本県;;;;;;;;;;X;;
PROV2635;鹿児島県;;;;;;;;;;X;;
PROV2636;奄美大島;;;;;;;;;;X;;
PROV2637;沖縄県;;;;;;;;;;X;;
PROV2638;高雄;;;;;;;;;;X;;
PROV2639;澎湖諸島;;;;;;;;;;X;;
PROV2640;対馬;;;;;;;;;;X;;
PROV2641;ガリナ;;;;;;;;;;X;;
PROV2642;ミント;;;;;;;;;;X;;
PROV2643;アニマック;;;;;;;;;;X;;
PROV2644;ラケ・クラーク;;;;;;;;;;X;;
PROV2645;フェアバンクス;;;;;;;;;;X;;
PROV2646;バハチ;;;;;;;;;;X;;
PROV2647;パレニ;;;;;;;;;;X;;
PROV2648;アナドゥイリ;;;;;;;;;;X;;
PROV2649;チェランスコエ;;;;;;;;;;X;;
PROV2650;オムスクチャン;;;;;;;;;;X;;
PROV2651;エヴェンスク;;;;;;;;;;X;;
PROV2652;アルチーク;;;;;;;;;;X;;
PROV2653;ハチェイングンアフ;;;;;;;;;;X;;
PROV2654;マルシャレツ;;;;;;;;;;X;;
PROV2655;アンマンンカン;;;;;;;;;;X;;
PROV2656;アギルキ;;;;;;;;;;X;;
PROV2657;ブルガウチャン;;;;;;;;;;X;;
PROV2658;チェンケレニヤ;;;;;;;;;;X;;
PROV2659;ヴェルオヤンスク;;;;;;;;;;X;;
PROV2660;オリョクミンスク;;;;;;;;;;X;;
PROV2661;ユーコン基地;;;;;;;;;;X;;
PROV2662;名称未設定;;;;;;;;;;X;;
PROV2663;名称未設定;;;;;;;;;;X;;
PROV2664;名称未設定;;;;;;;;;;X;;
PROV2665;名称未設定;;;;;;;;;;X;;
PROV2666;名称未設定;;;;;;;;;;X;;
PROV2667;名称未設定;;;;;;;;;;X;;
PROV2668;名称未設定;;;;;;;;;;X;;
PROV2669;名称未設定;;;;;;;;;;X;;
PROV2670;名称未設定;;;;;;;;;;X;;
#EOF;;;;;;;;;;;X;;
