JAP;帝国航空宇宙軍 第1航空軍
JAP;帝国航空宇宙軍 第2航空軍
JAP;帝国航空宇宙軍 第3航空軍
JAP;帝国航空宇宙軍 第4航空軍
JAP;帝国航空宇宙軍 第5航空軍
JAP;帝国航空宇宙軍 第6航空軍
JAP;帝国航空宇宙軍 第7航空軍
JAP;帝国航空宇宙軍 第8航空軍
JAP;帝国航空宇宙軍 第9航空軍
JAP;帝国航空宇宙軍 第10航空軍
JAP;帝国航空宇宙軍 第11航空軍
JAP;帝国航空宇宙軍 第12航空軍
JAP;帝国航空宇宙軍 第13航空軍
JAP;帝国航空宇宙軍 第14航空軍
JAP;帝国航空宇宙軍 第15航空軍
JAP;帝国航空宇宙軍 第21航空軍
JAP;帝国航空宇宙軍 第22航空軍
JAP;帝国航空宇宙軍 第23航空軍
JAP;帝国航空宇宙軍 第24航空軍
JAP;帝国航空宇宙軍 第25航空軍
JAP;帝国航空宇宙軍 第26航空軍
JAP;帝国航空宇宙軍 第27航空軍
JAP;帝国航空宇宙軍 第28航空軍
JAP;帝国航空宇宙軍 第29航空軍
JAP;帝国航空宇宙軍 第30航空軍
JAP;帝国航空宇宙軍 第31航空軍
JAP;帝国航空宇宙軍 第32航空軍
JAP;帝国航空宇宙軍 第33航空軍
JAP;帝国航空宇宙軍 第34航空軍
JAP;帝国航空宇宙軍 第35航空軍
JAP;帝国航空宇宙軍 第36航空軍
JAP;帝国航空宇宙軍 第37航空軍
JAP;帝国航空宇宙軍 第38航空軍
JAP;帝国航空宇宙軍 第39航空軍
JAP;帝国航空宇宙軍 第40航空軍
JAP;帝国航空宇宙軍 第41航空軍
JAP;帝国航空宇宙軍 第42航空軍
JAP;帝国航空宇宙軍 第43航空軍
JAP;帝国航空宇宙軍 第44航空軍
JAP;帝国航空宇宙軍 第45航空軍
JAP;帝国航空宇宙軍 第46航空軍
JAP;帝国航空宇宙軍 第47航空軍
JAP;帝国航空宇宙軍 第48航空軍
JAP;帝国航空宇宙軍 第49航空軍
JAP;帝国航空宇宙軍 第50航空軍
JAP;帝国航空宇宙軍 第51航空軍
JAP;帝国航空宇宙軍 第52航空軍
JAP;帝国航空宇宙軍 第53航空軍
JAP;帝国航空宇宙軍 第54航空軍
JAP;帝国航空宇宙軍 第55航空軍
JAP;帝国航空宇宙軍 第56航空軍
JAP;帝国航空宇宙軍 第57航空軍
JAP;帝国航空宇宙軍 第58航空軍
JAP;帝国航空宇宙軍 第59航空軍
JAP;帝国航空宇宙軍 第60航空軍
JAP;帝国航空宇宙軍 第61航空軍
JAP;帝国航空宇宙軍 第62航空軍
JAP;帝国航空宇宙軍 第63航空軍
JAP;帝国航空宇宙軍 第64航空軍
JAP;帝国航空宇宙軍 第65航空軍
JAP;帝国航空宇宙軍 第66航空軍
JAP;帝国航空宇宙軍 第67航空軍
JAP;帝国航空宇宙軍 第68航空軍
JAP;帝国航空宇宙軍 第69航空軍
JAP;帝国航空宇宙軍 第70航空軍
JAP;帝国航空宇宙軍 第71航空軍
JAP;帝国航空宇宙軍 第72航空軍
JAP;帝国航空宇宙軍 第73航空軍
JAP;帝国航空宇宙軍 第74航空軍
JAP;帝国航空宇宙軍 第75航空軍
JAP;帝国航空宇宙軍 第76航空軍
JAP;帝国航空宇宙軍 第77航空軍
JAP;帝国航空宇宙軍 第78航空軍
JAP;帝国航空宇宙軍 第79航空軍
JAP;帝国航空宇宙軍 第80航空軍
JAP;帝国航空宇宙軍 第81航空軍
JAP;帝国航空宇宙軍 第82航空軍
JAP;帝国航空宇宙軍 第83航空軍
JAP;帝国航空宇宙軍 第84航空軍
JAP;帝国航空宇宙軍 第85航空軍
JAP;帝国航空宇宙軍 第86航空軍
JAP;帝国航空宇宙軍 第87航空軍
JAP;帝国航空宇宙軍 第88航空軍
JAP;帝国航空宇宙軍 第89航空軍
JAP;帝国航空宇宙軍 第90航空軍
JAP;帝国航空宇宙軍 第91航空軍
JAP;帝国航空宇宙軍 第92航空軍
JAP;帝国航空宇宙軍 第93航空軍
JAP;帝国航空宇宙軍 第94航空軍
JAP;帝国航空宇宙軍 第95航空軍
JAP;帝国航空宇宙軍 第96航空軍
JAP;帝国航空宇宙軍 第97航空軍
JAP;帝国航空宇宙軍 第98航空軍
JAP;帝国航空宇宙軍 第99航空軍
JAP;帝国航空宇宙軍 第100航空軍
JAP;帝国航空宇宙軍 第101航空軍
JAP;帝国航空宇宙軍 第102航空軍
JAP;帝国航空宇宙軍 第103航空軍
JAP;帝国航空宇宙軍 第104航空軍
JAP;帝国航空宇宙軍 第105航空軍
JAP;帝国航空宇宙軍 第106航空軍
JAP;帝国航空宇宙軍 第107航空軍
JAP;帝国航空宇宙軍 第108航空軍
JAP;帝国航空宇宙軍 第109航空軍
JAP;帝国航空宇宙軍 第110航空軍
JAP;帝国航空宇宙軍 第111航空軍
JAP;帝国航空宇宙軍 第112航空軍
JAP;帝国航空宇宙軍 第113航空軍
JAP;帝国航空宇宙軍 第114航空軍
JAP;帝国航空宇宙軍 第115航空軍
JAP;帝国航空宇宙軍 第116航空軍
JAP;帝国航空宇宙軍 第117航空軍
JAP;帝国航空宇宙軍 第118航空軍
JAP;帝国航空宇宙軍 第119航空軍
JAP;帝国航空宇宙軍 第120航空軍
JAP;帝国航空宇宙軍 第121航空軍
JAP;帝国航空宇宙軍 第122航空軍
JAP;帝国航空宇宙軍 第123航空軍
JAP;帝国航空宇宙軍 第124航空軍
JAP;帝国航空宇宙軍 第125航空軍
JAP;帝国航空宇宙軍 第126航空軍
JAP;帝国航空宇宙軍 第127航空軍
JAP;帝国航空宇宙軍 第128航空軍
JAP;帝国航空宇宙軍 第129航空軍
JAP;帝国航空宇宙軍 第130航空軍
JAP;帝国航空宇宙軍 第131航空軍
JAP;帝国航空宇宙軍 第132航空軍
JAP;帝国航空宇宙軍 第133航空軍
JAP;帝国航空宇宙軍 第134航空軍
JAP;帝国航空宇宙軍 第135航空軍
JAP;帝国航空宇宙軍 第136航空軍
JAP;帝国航空宇宙軍 第137航空軍
JAP;帝国航空宇宙軍 第138航空軍
JAP;帝国航空宇宙軍 第139航空軍
JAP;帝国航空宇宙軍 第140航空軍
JAP;帝国航空宇宙軍 第141航空軍
JAP;帝国航空宇宙軍 第142航空軍
JAP;帝国航空宇宙軍 第143航空軍
JAP;帝国航空宇宙軍 第144航空軍
JAP;帝国航空宇宙軍 第145航空軍
JAP;帝国航空宇宙軍 第146航空軍
JAP;帝国航空宇宙軍 第147航空軍
JAP;帝国航空宇宙軍 第148航空軍
JAP;帝国航空宇宙軍 第149航空軍
JAP;帝国航空宇宙軍 第150航空軍
JAP;帝国航空宇宙軍 第151航空軍
JAP;帝国航空宇宙軍 第152航空軍
JAP;帝国航空宇宙軍 第153航空軍
JAP;帝国航空宇宙軍 第154航空軍
JAP;帝国航空宇宙軍 第155航空軍
JAP;帝国航空宇宙軍 第156航空軍
JAP;帝国航空宇宙軍 第157航空軍
JAP;帝国航空宇宙軍 第158航空軍
JAP;帝国航空宇宙軍 第159航空軍
JAP;帝国航空宇宙軍 第160航空軍
JAP;帝国航空宇宙軍 第161航空軍
JAP;帝国航空宇宙軍 第162航空軍
JAP;帝国航空宇宙軍 第163航空軍
JAP;帝国航空宇宙軍 第164航空軍
JAP;帝国航空宇宙軍 第165航空軍
JAP;帝国航空宇宙軍 第166航空軍
JAP;帝国航空宇宙軍 第167航空軍
JAP;帝国航空宇宙軍 第168航空軍
JAP;帝国航空宇宙軍 第169航空軍
JAP;帝国航空宇宙軍 第170航空軍
JAP;帝国航空宇宙軍 第171航空軍
JAP;帝国航空宇宙軍 第172航空軍
JAP;帝国航空宇宙軍 第173航空軍
JAP;帝国航空宇宙軍 第174航空軍
JAP;帝国航空宇宙軍 第175航空軍
JAP;帝国航空宇宙軍 第176航空軍
JAP;帝国航空宇宙軍 第177航空軍
JAP;帝国航空宇宙軍 第178航空軍
JAP;帝国航空宇宙軍 第179航空軍
JAP;帝国航空宇宙軍 第180航空軍
JAP;帝国航空宇宙軍 第181航空軍
JAP;帝国航空宇宙軍 第182航空軍
JAP;帝国航空宇宙軍 第183航空軍
JAP;帝国航空宇宙軍 第184航空軍
JAP;帝国航空宇宙軍 第185航空軍
JAP;帝国航空宇宙軍 第186航空軍
JAP;帝国航空宇宙軍 第187航空軍
JAP;帝国航空宇宙軍 第188航空軍
JAP;帝国航空宇宙軍 第189航空軍
JAP;帝国航空宇宙軍 第190航空軍
JAP;帝国航空宇宙軍 第191航空軍
JAP;帝国航空宇宙軍 第192航空軍
JAP;帝国航空宇宙軍 第193航空軍
JAP;帝国航空宇宙軍 第194航空軍
JAP;帝国航空宇宙軍 第195航空軍
JAP;帝国航空宇宙軍 第196航空軍
JAP;帝国航空宇宙軍 第197航空軍
JAP;帝国航空宇宙軍 第198航空軍
JAP;帝国航空宇宙軍 第199航空軍
JAP;帝国航空宇宙軍 第200航空軍
JAP;帝国航空宇宙軍 第201航空軍
JAP;帝国航空宇宙軍 第202航空軍
JAP;帝国航空宇宙軍 第203航空軍
JAP;帝国航空宇宙軍 第204航空軍
JAP;帝国航空宇宙軍 第205航空軍
JAP;帝国航空宇宙軍 第206航空軍
JAP;帝国航空宇宙軍 第207航空軍
JAP;帝国航空宇宙軍 第208航空軍
JAP;帝国航空宇宙軍 第209航空軍
JAP;帝国航空宇宙軍 第210航空軍
JAP;帝国航空宇宙軍 第211航空軍
JAP;帝国航空宇宙軍 第212航空軍
JAP;帝国航空宇宙軍 第213航空軍
JAP;帝国航空宇宙軍 第214航空軍
JAP;帝国航空宇宙軍 第215航空軍
JAP;帝国航空宇宙軍 第216航空軍
JAP;帝国航空宇宙軍 第217航空軍
JAP;帝国航空宇宙軍 第218航空軍
JAP;帝国航空宇宙軍 第219航空軍
JAP;帝国航空宇宙軍 第220航空軍
JAP;帝国航空宇宙軍 第221航空軍
JAP;帝国航空宇宙軍 第222航空軍
JAP;帝国航空宇宙軍 第223航空軍
JAP;帝国航空宇宙軍 第224航空軍
JAP;帝国航空宇宙軍 第225航空軍
JAP;帝国航空宇宙軍 第226航空軍
JAP;帝国航空宇宙軍 第227航空軍
JAP;帝国航空宇宙軍 第228航空軍
JAP;帝国航空宇宙軍 第229航空軍
JAP;帝国航空宇宙軍 第230航空軍
JAP;帝国航空宇宙軍 第231航空軍
JAP;帝国航空宇宙軍 第232航空軍
JAP;帝国航空宇宙軍 第233航空軍
JAP;帝国航空宇宙軍 第234航空軍
JAP;帝国航空宇宙軍 第235航空軍
JAP;帝国航空宇宙軍 第236航空軍
JAP;帝国航空宇宙軍 第237航空軍
JAP;帝国航空宇宙軍 第238航空軍
JAP;帝国航空宇宙軍 第239航空軍
JAP;帝国航空宇宙軍 第240航空軍
JAP;帝国航空宇宙軍 第241航空軍
JAP;帝国航空宇宙軍 第242航空軍
JAP;帝国航空宇宙軍 第243航空軍
JAP;帝国航空宇宙軍 第244航空軍
JAP;帝国航空宇宙軍 第245航空軍
JAP;帝国航空宇宙軍 第246航空軍
JAP;帝国航空宇宙軍 第247航空軍
JAP;帝国航空宇宙軍 第248航空軍
JAP;帝国航空宇宙軍 第249航空軍
JAP;帝国航空宇宙軍 第250航空軍
JAP;帝国航空宇宙軍 第251航空軍
JAP;帝国航空宇宙軍 第252航空軍
JAP;帝国航空宇宙軍 第253航空軍
JAP;帝国航空宇宙軍 第254航空軍
JAP;帝国航空宇宙軍 第255航空軍
JAP;帝国航空宇宙軍 第256航空軍
JAP;帝国航空宇宙軍 第257航空軍
JAP;帝国航空宇宙軍 第258航空軍
JAP;帝国航空宇宙軍 第259航空軍
JAP;帝国航空宇宙軍 第260航空軍
JAP;帝国航空宇宙軍 第261航空軍
JAP;帝国航空宇宙軍 第262航空軍
JAP;帝国航空宇宙軍 第263航空軍
JAP;帝国航空宇宙軍 第264航空軍
JAP;帝国航空宇宙軍 第265航空軍
JAP;帝国航空宇宙軍 第266航空軍
JAP;帝国航空宇宙軍 第267航空軍
JAP;帝国航空宇宙軍 第268航空軍
JAP;帝国航空宇宙軍 第269航空軍
JAP;帝国航空宇宙軍 第270航空軍
JAP;帝国航空宇宙軍 第271航空軍
JAP;帝国航空宇宙軍 第272航空軍
JAP;帝国航空宇宙軍 第273航空軍
JAP;帝国航空宇宙軍 第274航空軍
JAP;帝国航空宇宙軍 第275航空軍
JAP;帝国航空宇宙軍 第276航空軍
JAP;帝国航空宇宙軍 第277航空軍
JAP;帝国航空宇宙軍 第278航空軍
JAP;帝国航空宇宙軍 第279航空軍
JAP;帝国航空宇宙軍 第280航空軍
JAP;帝国航空宇宙軍 第281航空軍
JAP;帝国航空宇宙軍 第282航空軍
JAP;帝国航空宇宙軍 第283航空軍
JAP;帝国航空宇宙軍 第284航空軍
JAP;帝国航空宇宙軍 第285航空軍
JAP;帝国航空宇宙軍 第286航空軍
JAP;帝国航空宇宙軍 第287航空軍
JAP;帝国航空宇宙軍 第288航空軍
JAP;帝国航空宇宙軍 第289航空軍
JAP;帝国航空宇宙軍 第290航空軍
JAP;帝国航空宇宙軍 第291航空軍
JAP;帝国航空宇宙軍 第292航空軍
JAP;帝国航空宇宙軍 第293航空軍
JAP;帝国航空宇宙軍 第294航空軍
JAP;帝国航空宇宙軍 第295航空軍
JAP;帝国航空宇宙軍 第296航空軍
JAP;帝国航空宇宙軍 第297航空軍
JAP;帝国航空宇宙軍 第298航空軍
JAP;帝国航空宇宙軍 第299航空軍
JAP;帝国航空宇宙軍 第300航空軍
USA;米国空軍 第1航空軍
USA;米国空軍 第2航空軍
USA;米国空軍 第3航空軍
USA;米国空軍 第4航空軍
USA;米国空軍 第5航空軍
USA;米国空軍 第6航空軍
USA;米国空軍 第7航空軍
USA;米国空軍 第8航空軍
USA;米国空軍 第9航空軍
USA;米国空軍 第10航空軍
USA;米国空軍 第11航空軍
USA;米国空軍 第12航空軍
USA;米国空軍 第13航空軍
USA;米国空軍 第14航空軍
USA;米国空軍 第15航空軍
USA;米国空軍 第21航空軍
USA;米国空軍 第22航空軍
USA;米国空軍 第23航空軍
USA;米国空軍 第24航空軍
USA;米国空軍 第25航空軍
USA;米国空軍 第26航空軍
USA;米国空軍 第27航空軍
USA;米国空軍 第28航空軍
USA;米国空軍 第29航空軍
USA;米国空軍 第30航空軍
USA;米国空軍 第31航空軍
USA;米国空軍 第32航空軍
USA;米国空軍 第33航空軍
USA;米国空軍 第34航空軍
USA;米国空軍 第35航空軍
USA;米国空軍 第36航空軍
USA;米国空軍 第37航空軍
USA;米国空軍 第38航空軍
USA;米国空軍 第39航空軍
USA;米国空軍 第40航空軍
USA;米国空軍 第41航空軍
USA;米国空軍 第42航空軍
USA;米国空軍 第43航空軍
USA;米国空軍 第44航空軍
USA;米国空軍 第45航空軍
USA;米国空軍 第46航空軍
USA;米国空軍 第47航空軍
USA;米国空軍 第48航空軍
USA;米国空軍 第49航空軍
USA;米国空軍 第50航空軍
USA;米国空軍 第51航空軍
USA;米国空軍 第52航空軍
USA;米国空軍 第53航空軍
USA;米国空軍 第54航空軍
USA;米国空軍 第55航空軍
USA;米国空軍 第56航空軍
USA;米国空軍 第57航空軍
USA;米国空軍 第58航空軍
USA;米国空軍 第59航空軍
USA;米国空軍 第60航空軍
USA;米国空軍 第61航空軍
USA;米国空軍 第62航空軍
USA;米国空軍 第63航空軍
USA;米国空軍 第64航空軍
USA;米国空軍 第65航空軍
USA;米国空軍 第66航空軍
USA;米国空軍 第67航空軍
USA;米国空軍 第68航空軍
USA;米国空軍 第69航空軍
USA;米国空軍 第70航空軍
USA;米国空軍 第71航空軍
USA;米国空軍 第72航空軍
USA;米国空軍 第73航空軍
USA;米国空軍 第74航空軍
USA;米国空軍 第75航空軍
USA;米国空軍 第76航空軍
USA;米国空軍 第77航空軍
USA;米国空軍 第78航空軍
USA;米国空軍 第79航空軍
USA;米国空軍 第80航空軍
USA;米国空軍 第81航空軍
USA;米国空軍 第82航空軍
USA;米国空軍 第83航空軍
USA;米国空軍 第84航空軍
USA;米国空軍 第85航空軍
USA;米国空軍 第86航空軍
USA;米国空軍 第87航空軍
USA;米国空軍 第88航空軍
USA;米国空軍 第89航空軍
USA;米国空軍 第90航空軍
USA;米国空軍 第91航空軍
USA;米国空軍 第92航空軍
USA;米国空軍 第93航空軍
USA;米国空軍 第94航空軍
USA;米国空軍 第95航空軍
USA;米国空軍 第96航空軍
USA;米国空軍 第97航空軍
USA;米国空軍 第98航空軍
USA;米国空軍 第99航空軍
USA;米国空軍 第100航空軍
USA;米国空軍 第101航空軍
USA;米国空軍 第102航空軍
USA;米国空軍 第103航空軍
USA;米国空軍 第104航空軍
USA;米国空軍 第105航空軍
USA;米国空軍 第106航空軍
USA;米国空軍 第107航空軍
USA;米国空軍 第108航空軍
USA;米国空軍 第109航空軍
USA;米国空軍 第110航空軍
USA;米国空軍 第111航空軍
USA;米国空軍 第112航空軍
USA;米国空軍 第113航空軍
USA;米国空軍 第114航空軍
USA;米国空軍 第115航空軍
USA;米国空軍 第116航空軍
USA;米国空軍 第117航空軍
USA;米国空軍 第118航空軍
USA;米国空軍 第119航空軍
USA;米国空軍 第120航空軍
USA;米国空軍 第121航空軍
USA;米国空軍 第122航空軍
USA;米国空軍 第123航空軍
USA;米国空軍 第124航空軍
USA;米国空軍 第125航空軍
USA;米国空軍 第126航空軍
USA;米国空軍 第127航空軍
USA;米国空軍 第128航空軍
USA;米国空軍 第129航空軍
USA;米国空軍 第130航空軍
USA;米国空軍 第131航空軍
USA;米国空軍 第132航空軍
USA;米国空軍 第133航空軍
USA;米国空軍 第134航空軍
USA;米国空軍 第135航空軍
USA;米国空軍 第136航空軍
USA;米国空軍 第137航空軍
USA;米国空軍 第138航空軍
USA;米国空軍 第139航空軍
USA;米国空軍 第140航空軍
USA;米国空軍 第141航空軍
USA;米国空軍 第142航空軍
USA;米国空軍 第143航空軍
USA;米国空軍 第144航空軍
USA;米国空軍 第145航空軍
USA;米国空軍 第146航空軍
USA;米国空軍 第147航空軍
USA;米国空軍 第148航空軍
USA;米国空軍 第149航空軍
USA;米国空軍 第150航空軍
USA;米国空軍 第151航空軍
USA;米国空軍 第152航空軍
USA;米国空軍 第153航空軍
USA;米国空軍 第154航空軍
USA;米国空軍 第155航空軍
USA;米国空軍 第156航空軍
USA;米国空軍 第157航空軍
USA;米国空軍 第158航空軍
USA;米国空軍 第159航空軍
USA;米国空軍 第160航空軍
USA;米国空軍 第161航空軍
USA;米国空軍 第162航空軍
USA;米国空軍 第163航空軍
USA;米国空軍 第164航空軍
USA;米国空軍 第165航空軍
USA;米国空軍 第166航空軍
USA;米国空軍 第167航空軍
USA;米国空軍 第168航空軍
USA;米国空軍 第169航空軍
USA;米国空軍 第170航空軍
USA;米国空軍 第171航空軍
USA;米国空軍 第172航空軍
USA;米国空軍 第173航空軍
USA;米国空軍 第174航空軍
USA;米国空軍 第175航空軍
USA;米国空軍 第176航空軍
USA;米国空軍 第177航空軍
USA;米国空軍 第178航空軍
USA;米国空軍 第179航空軍
USA;米国空軍 第180航空軍
USA;米国空軍 第181航空軍
USA;米国空軍 第182航空軍
USA;米国空軍 第183航空軍
USA;米国空軍 第184航空軍
USA;米国空軍 第185航空軍
USA;米国空軍 第186航空軍
USA;米国空軍 第187航空軍
USA;米国空軍 第188航空軍
USA;米国空軍 第189航空軍
USA;米国空軍 第190航空軍
USA;米国空軍 第191航空軍
USA;米国空軍 第192航空軍
USA;米国空軍 第193航空軍
USA;米国空軍 第194航空軍
USA;米国空軍 第195航空軍
USA;米国空軍 第196航空軍
USA;米国空軍 第197航空軍
USA;米国空軍 第198航空軍
USA;米国空軍 第199航空軍
USA;米国空軍 第200航空軍
USA;米国空軍 第201航空軍
USA;米国空軍 第202航空軍
USA;米国空軍 第203航空軍
USA;米国空軍 第204航空軍
USA;米国空軍 第205航空軍
USA;米国空軍 第206航空軍
USA;米国空軍 第207航空軍
USA;米国空軍 第208航空軍
USA;米国空軍 第209航空軍
USA;米国空軍 第210航空軍
USA;米国空軍 第211航空軍
USA;米国空軍 第212航空軍
USA;米国空軍 第213航空軍
USA;米国空軍 第214航空軍
USA;米国空軍 第215航空軍
USA;米国空軍 第216航空軍
USA;米国空軍 第217航空軍
USA;米国空軍 第218航空軍
USA;米国空軍 第219航空軍
USA;米国空軍 第220航空軍
USA;米国空軍 第221航空軍
USA;米国空軍 第222航空軍
USA;米国空軍 第223航空軍
USA;米国空軍 第224航空軍
USA;米国空軍 第225航空軍
USA;米国空軍 第226航空軍
USA;米国空軍 第227航空軍
USA;米国空軍 第228航空軍
USA;米国空軍 第229航空軍
USA;米国空軍 第230航空軍
USA;米国空軍 第231航空軍
USA;米国空軍 第232航空軍
USA;米国空軍 第233航空軍
USA;米国空軍 第234航空軍
USA;米国空軍 第235航空軍
USA;米国空軍 第236航空軍
USA;米国空軍 第237航空軍
USA;米国空軍 第238航空軍
USA;米国空軍 第239航空軍
USA;米国空軍 第240航空軍
USA;米国空軍 第241航空軍
USA;米国空軍 第242航空軍
USA;米国空軍 第243航空軍
USA;米国空軍 第244航空軍
USA;米国空軍 第245航空軍
USA;米国空軍 第246航空軍
USA;米国空軍 第247航空軍
USA;米国空軍 第248航空軍
USA;米国空軍 第249航空軍
USA;米国空軍 第250航空軍
USA;米国空軍 第251航空軍
USA;米国空軍 第252航空軍
USA;米国空軍 第253航空軍
USA;米国空軍 第254航空軍
USA;米国空軍 第255航空軍
USA;米国空軍 第256航空軍
USA;米国空軍 第257航空軍
USA;米国空軍 第258航空軍
USA;米国空軍 第259航空軍
USA;米国空軍 第260航空軍
USA;米国空軍 第261航空軍
USA;米国空軍 第262航空軍
USA;米国空軍 第263航空軍
USA;米国空軍 第264航空軍
USA;米国空軍 第265航空軍
USA;米国空軍 第266航空軍
USA;米国空軍 第267航空軍
USA;米国空軍 第268航空軍
USA;米国空軍 第269航空軍
USA;米国空軍 第270航空軍
USA;米国空軍 第271航空軍
USA;米国空軍 第272航空軍
USA;米国空軍 第273航空軍
USA;米国空軍 第274航空軍
USA;米国空軍 第275航空軍
USA;米国空軍 第276航空軍
USA;米国空軍 第277航空軍
USA;米国空軍 第278航空軍
USA;米国空軍 第279航空軍
USA;米国空軍 第280航空軍
USA;米国空軍 第281航空軍
USA;米国空軍 第282航空軍
USA;米国空軍 第283航空軍
USA;米国空軍 第284航空軍
USA;米国空軍 第285航空軍
USA;米国空軍 第286航空軍
USA;米国空軍 第287航空軍
USA;米国空軍 第288航空軍
USA;米国空軍 第289航空軍
USA;米国空軍 第290航空軍
USA;米国空軍 第291航空軍
USA;米国空軍 第292航空軍
USA;米国空軍 第293航空軍
USA;米国空軍 第294航空軍
USA;米国空軍 第295航空軍
USA;米国空軍 第296航空軍
USA;米国空軍 第297航空軍
USA;米国空軍 第298航空軍
USA;米国空軍 第299航空軍
USA;米国空軍 第300航空軍
SOV;ソビエト空軍 第1航空軍
SOV;ソビエト空軍 第2航空軍
SOV;ソビエト空軍 第3航空軍
SOV;ソビエト空軍 第4航空軍
SOV;ソビエト空軍 第5航空軍
SOV;ソビエト空軍 第6航空軍
SOV;ソビエト空軍 第7航空軍
SOV;ソビエト空軍 第8航空軍
SOV;ソビエト空軍 第9航空軍
SOV;ソビエト空軍 第10航空軍
SOV;ソビエト空軍 第11航空軍
SOV;ソビエト空軍 第12航空軍
SOV;ソビエト空軍 第13航空軍
SOV;ソビエト空軍 第14航空軍
SOV;ソビエト空軍 第15航空軍
SOV;ソビエト空軍 第21航空軍
SOV;ソビエト空軍 第22航空軍
SOV;ソビエト空軍 第23航空軍
SOV;ソビエト空軍 第24航空軍
SOV;ソビエト空軍 第25航空軍
SOV;ソビエト空軍 第26航空軍
SOV;ソビエト空軍 第27航空軍
SOV;ソビエト空軍 第28航空軍
SOV;ソビエト空軍 第29航空軍
SOV;ソビエト空軍 第30航空軍
SOV;ソビエト空軍 第31航空軍
SOV;ソビエト空軍 第32航空軍
SOV;ソビエト空軍 第33航空軍
SOV;ソビエト空軍 第34航空軍
SOV;ソビエト空軍 第35航空軍
SOV;ソビエト空軍 第36航空軍
SOV;ソビエト空軍 第37航空軍
SOV;ソビエト空軍 第38航空軍
SOV;ソビエト空軍 第39航空軍
SOV;ソビエト空軍 第40航空軍
SOV;ソビエト空軍 第41航空軍
SOV;ソビエト空軍 第42航空軍
SOV;ソビエト空軍 第43航空軍
SOV;ソビエト空軍 第44航空軍
SOV;ソビエト空軍 第45航空軍
SOV;ソビエト空軍 第46航空軍
SOV;ソビエト空軍 第47航空軍
SOV;ソビエト空軍 第48航空軍
SOV;ソビエト空軍 第49航空軍
SOV;ソビエト空軍 第50航空軍
SOV;ソビエト空軍 第51航空軍
SOV;ソビエト空軍 第52航空軍
SOV;ソビエト空軍 第53航空軍
SOV;ソビエト空軍 第54航空軍
SOV;ソビエト空軍 第55航空軍
SOV;ソビエト空軍 第56航空軍
SOV;ソビエト空軍 第57航空軍
SOV;ソビエト空軍 第58航空軍
SOV;ソビエト空軍 第59航空軍
SOV;ソビエト空軍 第60航空軍
SOV;ソビエト空軍 第61航空軍
SOV;ソビエト空軍 第62航空軍
SOV;ソビエト空軍 第63航空軍
SOV;ソビエト空軍 第64航空軍
SOV;ソビエト空軍 第65航空軍
SOV;ソビエト空軍 第66航空軍
SOV;ソビエト空軍 第67航空軍
SOV;ソビエト空軍 第68航空軍
SOV;ソビエト空軍 第69航空軍
SOV;ソビエト空軍 第70航空軍
SOV;ソビエト空軍 第71航空軍
SOV;ソビエト空軍 第72航空軍
SOV;ソビエト空軍 第73航空軍
SOV;ソビエト空軍 第74航空軍
SOV;ソビエト空軍 第75航空軍
SOV;ソビエト空軍 第76航空軍
SOV;ソビエト空軍 第77航空軍
SOV;ソビエト空軍 第78航空軍
SOV;ソビエト空軍 第79航空軍
SOV;ソビエト空軍 第80航空軍
SOV;ソビエト空軍 第81航空軍
SOV;ソビエト空軍 第82航空軍
SOV;ソビエト空軍 第83航空軍
SOV;ソビエト空軍 第84航空軍
SOV;ソビエト空軍 第85航空軍
SOV;ソビエト空軍 第86航空軍
SOV;ソビエト空軍 第87航空軍
SOV;ソビエト空軍 第88航空軍
SOV;ソビエト空軍 第89航空軍
SOV;ソビエト空軍 第90航空軍
SOV;ソビエト空軍 第91航空軍
SOV;ソビエト空軍 第92航空軍
SOV;ソビエト空軍 第93航空軍
SOV;ソビエト空軍 第94航空軍
SOV;ソビエト空軍 第95航空軍
SOV;ソビエト空軍 第96航空軍
SOV;ソビエト空軍 第97航空軍
SOV;ソビエト空軍 第98航空軍
SOV;ソビエト空軍 第99航空軍
SOV;ソビエト空軍 第100航空軍
SOV;ソビエト空軍 第101航空軍
SOV;ソビエト空軍 第102航空軍
SOV;ソビエト空軍 第103航空軍
SOV;ソビエト空軍 第104航空軍
SOV;ソビエト空軍 第105航空軍
SOV;ソビエト空軍 第106航空軍
SOV;ソビエト空軍 第107航空軍
SOV;ソビエト空軍 第108航空軍
SOV;ソビエト空軍 第109航空軍
SOV;ソビエト空軍 第110航空軍
SOV;ソビエト空軍 第111航空軍
SOV;ソビエト空軍 第112航空軍
SOV;ソビエト空軍 第113航空軍
SOV;ソビエト空軍 第114航空軍
SOV;ソビエト空軍 第115航空軍
SOV;ソビエト空軍 第116航空軍
SOV;ソビエト空軍 第117航空軍
SOV;ソビエト空軍 第118航空軍
SOV;ソビエト空軍 第119航空軍
SOV;ソビエト空軍 第120航空軍
SOV;ソビエト空軍 第121航空軍
SOV;ソビエト空軍 第122航空軍
SOV;ソビエト空軍 第123航空軍
SOV;ソビエト空軍 第124航空軍
SOV;ソビエト空軍 第125航空軍
SOV;ソビエト空軍 第126航空軍
SOV;ソビエト空軍 第127航空軍
SOV;ソビエト空軍 第128航空軍
SOV;ソビエト空軍 第129航空軍
SOV;ソビエト空軍 第130航空軍
SOV;ソビエト空軍 第131航空軍
SOV;ソビエト空軍 第132航空軍
SOV;ソビエト空軍 第133航空軍
SOV;ソビエト空軍 第134航空軍
SOV;ソビエト空軍 第135航空軍
SOV;ソビエト空軍 第136航空軍
SOV;ソビエト空軍 第137航空軍
SOV;ソビエト空軍 第138航空軍
SOV;ソビエト空軍 第139航空軍
SOV;ソビエト空軍 第140航空軍
SOV;ソビエト空軍 第141航空軍
SOV;ソビエト空軍 第142航空軍
SOV;ソビエト空軍 第143航空軍
SOV;ソビエト空軍 第144航空軍
SOV;ソビエト空軍 第145航空軍
SOV;ソビエト空軍 第146航空軍
SOV;ソビエト空軍 第147航空軍
SOV;ソビエト空軍 第148航空軍
SOV;ソビエト空軍 第149航空軍
SOV;ソビエト空軍 第150航空軍
SOV;ソビエト空軍 第151航空軍
SOV;ソビエト空軍 第152航空軍
SOV;ソビエト空軍 第153航空軍
SOV;ソビエト空軍 第154航空軍
SOV;ソビエト空軍 第155航空軍
SOV;ソビエト空軍 第156航空軍
SOV;ソビエト空軍 第157航空軍
SOV;ソビエト空軍 第158航空軍
SOV;ソビエト空軍 第159航空軍
SOV;ソビエト空軍 第160航空軍
SOV;ソビエト空軍 第161航空軍
SOV;ソビエト空軍 第162航空軍
SOV;ソビエト空軍 第163航空軍
SOV;ソビエト空軍 第164航空軍
SOV;ソビエト空軍 第165航空軍
SOV;ソビエト空軍 第166航空軍
SOV;ソビエト空軍 第167航空軍
SOV;ソビエト空軍 第168航空軍
SOV;ソビエト空軍 第169航空軍
SOV;ソビエト空軍 第170航空軍
SOV;ソビエト空軍 第171航空軍
SOV;ソビエト空軍 第172航空軍
SOV;ソビエト空軍 第173航空軍
SOV;ソビエト空軍 第174航空軍
SOV;ソビエト空軍 第175航空軍
SOV;ソビエト空軍 第176航空軍
SOV;ソビエト空軍 第177航空軍
SOV;ソビエト空軍 第178航空軍
SOV;ソビエト空軍 第179航空軍
SOV;ソビエト空軍 第180航空軍
SOV;ソビエト空軍 第181航空軍
SOV;ソビエト空軍 第182航空軍
SOV;ソビエト空軍 第183航空軍
SOV;ソビエト空軍 第184航空軍
SOV;ソビエト空軍 第185航空軍
SOV;ソビエト空軍 第186航空軍
SOV;ソビエト空軍 第187航空軍
SOV;ソビエト空軍 第188航空軍
SOV;ソビエト空軍 第189航空軍
SOV;ソビエト空軍 第190航空軍
SOV;ソビエト空軍 第191航空軍
SOV;ソビエト空軍 第192航空軍
SOV;ソビエト空軍 第193航空軍
SOV;ソビエト空軍 第194航空軍
SOV;ソビエト空軍 第195航空軍
SOV;ソビエト空軍 第196航空軍
SOV;ソビエト空軍 第197航空軍
SOV;ソビエト空軍 第198航空軍
SOV;ソビエト空軍 第199航空軍
SOV;ソビエト空軍 第200航空軍
SOV;ソビエト空軍 第201航空軍
SOV;ソビエト空軍 第202航空軍
SOV;ソビエト空軍 第203航空軍
SOV;ソビエト空軍 第204航空軍
SOV;ソビエト空軍 第205航空軍
SOV;ソビエト空軍 第206航空軍
SOV;ソビエト空軍 第207航空軍
SOV;ソビエト空軍 第208航空軍
SOV;ソビエト空軍 第209航空軍
SOV;ソビエト空軍 第210航空軍
SOV;ソビエト空軍 第211航空軍
SOV;ソビエト空軍 第212航空軍
SOV;ソビエト空軍 第213航空軍
SOV;ソビエト空軍 第214航空軍
SOV;ソビエト空軍 第215航空軍
SOV;ソビエト空軍 第216航空軍
SOV;ソビエト空軍 第217航空軍
SOV;ソビエト空軍 第218航空軍
SOV;ソビエト空軍 第219航空軍
SOV;ソビエト空軍 第220航空軍
SOV;ソビエト空軍 第221航空軍
SOV;ソビエト空軍 第222航空軍
SOV;ソビエト空軍 第223航空軍
SOV;ソビエト空軍 第224航空軍
SOV;ソビエト空軍 第225航空軍
SOV;ソビエト空軍 第226航空軍
SOV;ソビエト空軍 第227航空軍
SOV;ソビエト空軍 第228航空軍
SOV;ソビエト空軍 第229航空軍
SOV;ソビエト空軍 第230航空軍
SOV;ソビエト空軍 第231航空軍
SOV;ソビエト空軍 第232航空軍
SOV;ソビエト空軍 第233航空軍
SOV;ソビエト空軍 第234航空軍
SOV;ソビエト空軍 第235航空軍
SOV;ソビエト空軍 第236航空軍
SOV;ソビエト空軍 第237航空軍
SOV;ソビエト空軍 第238航空軍
SOV;ソビエト空軍 第239航空軍
SOV;ソビエト空軍 第240航空軍
SOV;ソビエト空軍 第241航空軍
SOV;ソビエト空軍 第242航空軍
SOV;ソビエト空軍 第243航空軍
SOV;ソビエト空軍 第244航空軍
SOV;ソビエト空軍 第245航空軍
SOV;ソビエト空軍 第246航空軍
SOV;ソビエト空軍 第247航空軍
SOV;ソビエト空軍 第248航空軍
SOV;ソビエト空軍 第249航空軍
SOV;ソビエト空軍 第250航空軍
SOV;ソビエト空軍 第251航空軍
SOV;ソビエト空軍 第252航空軍
SOV;ソビエト空軍 第253航空軍
SOV;ソビエト空軍 第254航空軍
SOV;ソビエト空軍 第255航空軍
SOV;ソビエト空軍 第256航空軍
SOV;ソビエト空軍 第257航空軍
SOV;ソビエト空軍 第258航空軍
SOV;ソビエト空軍 第259航空軍
SOV;ソビエト空軍 第260航空軍
SOV;ソビエト空軍 第261航空軍
SOV;ソビエト空軍 第262航空軍
SOV;ソビエト空軍 第263航空軍
SOV;ソビエト空軍 第264航空軍
SOV;ソビエト空軍 第265航空軍
SOV;ソビエト空軍 第266航空軍
SOV;ソビエト空軍 第267航空軍
SOV;ソビエト空軍 第268航空軍
SOV;ソビエト空軍 第269航空軍
SOV;ソビエト空軍 第270航空軍
SOV;ソビエト空軍 第271航空軍
SOV;ソビエト空軍 第272航空軍
SOV;ソビエト空軍 第273航空軍
SOV;ソビエト空軍 第274航空軍
SOV;ソビエト空軍 第275航空軍
SOV;ソビエト空軍 第276航空軍
SOV;ソビエト空軍 第277航空軍
SOV;ソビエト空軍 第278航空軍
SOV;ソビエト空軍 第279航空軍
SOV;ソビエト空軍 第280航空軍
SOV;ソビエト空軍 第281航空軍
SOV;ソビエト空軍 第282航空軍
SOV;ソビエト空軍 第283航空軍
SOV;ソビエト空軍 第284航空軍
SOV;ソビエト空軍 第285航空軍
SOV;ソビエト空軍 第286航空軍
SOV;ソビエト空軍 第287航空軍
SOV;ソビエト空軍 第288航空軍
SOV;ソビエト空軍 第289航空軍
SOV;ソビエト空軍 第290航空軍
SOV;ソビエト空軍 第291航空軍
SOV;ソビエト空軍 第292航空軍
SOV;ソビエト空軍 第293航空軍
SOV;ソビエト空軍 第294航空軍
SOV;ソビエト空軍 第295航空軍
SOV;ソビエト空軍 第296航空軍
SOV;ソビエト空軍 第297航空軍
SOV;ソビエト空軍 第298航空軍
SOV;ソビエト空軍 第299航空軍
SOV;ソビエト空軍 第300航空軍
AST;オーストラリア空軍 第1航空軍
AST;オーストラリア空軍 第2航空軍
AST;オーストラリア空軍 第3航空軍
AST;オーストラリア空軍 第4航空軍
AST;オーストラリア空軍 第5航空軍
AST;オーストラリア空軍 第6航空軍
AST;オーストラリア空軍 第7航空軍
AST;オーストラリア空軍 第8航空軍
AST;オーストラリア空軍 第9航空軍
AST;オーストラリア空軍 第10航空軍
AST;オーストラリア空軍 第11航空軍
AST;オーストラリア空軍 第12航空軍
AST;オーストラリア空軍 第13航空軍
AST;オーストラリア空軍 第14航空軍
AST;オーストラリア空軍 第15航空軍
AST;オーストラリア空軍 第21航空軍
AST;オーストラリア空軍 第22航空軍
AST;オーストラリア空軍 第23航空軍
AST;オーストラリア空軍 第24航空軍
AST;オーストラリア空軍 第25航空軍
AST;オーストラリア空軍 第26航空軍
AST;オーストラリア空軍 第27航空軍
AST;オーストラリア空軍 第28航空軍
AST;オーストラリア空軍 第29航空軍
AST;オーストラリア空軍 第30航空軍
AST;オーストラリア空軍 第31航空軍
AST;オーストラリア空軍 第32航空軍
AST;オーストラリア空軍 第33航空軍
AST;オーストラリア空軍 第34航空軍
AST;オーストラリア空軍 第35航空軍
AST;オーストラリア空軍 第36航空軍
AST;オーストラリア空軍 第37航空軍
AST;オーストラリア空軍 第38航空軍
AST;オーストラリア空軍 第39航空軍
AST;オーストラリア空軍 第40航空軍
AST;オーストラリア空軍 第41航空軍
AST;オーストラリア空軍 第42航空軍
AST;オーストラリア空軍 第43航空軍
AST;オーストラリア空軍 第44航空軍
AST;オーストラリア空軍 第45航空軍
AST;オーストラリア空軍 第46航空軍
AST;オーストラリア空軍 第47航空軍
AST;オーストラリア空軍 第48航空軍
AST;オーストラリア空軍 第49航空軍
AST;オーストラリア空軍 第50航空軍
AST;オーストラリア空軍 第51航空軍
AST;オーストラリア空軍 第52航空軍
AST;オーストラリア空軍 第53航空軍
AST;オーストラリア空軍 第54航空軍
AST;オーストラリア空軍 第55航空軍
AST;オーストラリア空軍 第56航空軍
AST;オーストラリア空軍 第57航空軍
AST;オーストラリア空軍 第58航空軍
AST;オーストラリア空軍 第59航空軍
AST;オーストラリア空軍 第60航空軍
AST;オーストラリア空軍 第61航空軍
AST;オーストラリア空軍 第62航空軍
AST;オーストラリア空軍 第63航空軍
AST;オーストラリア空軍 第64航空軍
AST;オーストラリア空軍 第65航空軍
AST;オーストラリア空軍 第66航空軍
AST;オーストラリア空軍 第67航空軍
AST;オーストラリア空軍 第68航空軍
AST;オーストラリア空軍 第69航空軍
AST;オーストラリア空軍 第70航空軍
AST;オーストラリア空軍 第71航空軍
AST;オーストラリア空軍 第72航空軍
AST;オーストラリア空軍 第73航空軍
AST;オーストラリア空軍 第74航空軍
AST;オーストラリア空軍 第75航空軍
AST;オーストラリア空軍 第76航空軍
AST;オーストラリア空軍 第77航空軍
AST;オーストラリア空軍 第78航空軍
AST;オーストラリア空軍 第79航空軍
AST;オーストラリア空軍 第80航空軍
AST;オーストラリア空軍 第81航空軍
AST;オーストラリア空軍 第82航空軍
AST;オーストラリア空軍 第83航空軍
AST;オーストラリア空軍 第84航空軍
AST;オーストラリア空軍 第85航空軍
AST;オーストラリア空軍 第86航空軍
AST;オーストラリア空軍 第87航空軍
AST;オーストラリア空軍 第88航空軍
AST;オーストラリア空軍 第89航空軍
AST;オーストラリア空軍 第90航空軍
AST;オーストラリア空軍 第91航空軍
AST;オーストラリア空軍 第92航空軍
AST;オーストラリア空軍 第93航空軍
AST;オーストラリア空軍 第94航空軍
AST;オーストラリア空軍 第95航空軍
AST;オーストラリア空軍 第96航空軍
AST;オーストラリア空軍 第97航空軍
AST;オーストラリア空軍 第98航空軍
AST;オーストラリア空軍 第99航空軍
AST;オーストラリア空軍 第100航空軍
AST;オーストラリア空軍 第101航空軍
AST;オーストラリア空軍 第102航空軍
AST;オーストラリア空軍 第103航空軍
AST;オーストラリア空軍 第104航空軍
AST;オーストラリア空軍 第105航空軍
AST;オーストラリア空軍 第106航空軍
AST;オーストラリア空軍 第107航空軍
AST;オーストラリア空軍 第108航空軍
AST;オーストラリア空軍 第109航空軍
AST;オーストラリア空軍 第110航空軍
AST;オーストラリア空軍 第111航空軍
AST;オーストラリア空軍 第112航空軍
AST;オーストラリア空軍 第113航空軍
AST;オーストラリア空軍 第114航空軍
AST;オーストラリア空軍 第115航空軍
AST;オーストラリア空軍 第116航空軍
AST;オーストラリア空軍 第117航空軍
AST;オーストラリア空軍 第118航空軍
AST;オーストラリア空軍 第119航空軍
AST;オーストラリア空軍 第120航空軍
AST;オーストラリア空軍 第121航空軍
AST;オーストラリア空軍 第122航空軍
AST;オーストラリア空軍 第123航空軍
AST;オーストラリア空軍 第124航空軍
AST;オーストラリア空軍 第125航空軍
AST;オーストラリア空軍 第126航空軍
AST;オーストラリア空軍 第127航空軍
AST;オーストラリア空軍 第128航空軍
AST;オーストラリア空軍 第129航空軍
AST;オーストラリア空軍 第130航空軍
AST;オーストラリア空軍 第131航空軍
AST;オーストラリア空軍 第132航空軍
AST;オーストラリア空軍 第133航空軍
AST;オーストラリア空軍 第134航空軍
AST;オーストラリア空軍 第135航空軍
AST;オーストラリア空軍 第136航空軍
AST;オーストラリア空軍 第137航空軍
AST;オーストラリア空軍 第138航空軍
AST;オーストラリア空軍 第139航空軍
AST;オーストラリア空軍 第140航空軍
AST;オーストラリア空軍 第141航空軍
AST;オーストラリア空軍 第142航空軍
AST;オーストラリア空軍 第143航空軍
AST;オーストラリア空軍 第144航空軍
AST;オーストラリア空軍 第145航空軍
AST;オーストラリア空軍 第146航空軍
AST;オーストラリア空軍 第147航空軍
AST;オーストラリア空軍 第148航空軍
AST;オーストラリア空軍 第149航空軍
AST;オーストラリア空軍 第150航空軍
AST;オーストラリア空軍 第151航空軍
AST;オーストラリア空軍 第152航空軍
AST;オーストラリア空軍 第153航空軍
AST;オーストラリア空軍 第154航空軍
AST;オーストラリア空軍 第155航空軍
AST;オーストラリア空軍 第156航空軍
AST;オーストラリア空軍 第157航空軍
AST;オーストラリア空軍 第158航空軍
AST;オーストラリア空軍 第159航空軍
AST;オーストラリア空軍 第160航空軍
AST;オーストラリア空軍 第161航空軍
AST;オーストラリア空軍 第162航空軍
AST;オーストラリア空軍 第163航空軍
AST;オーストラリア空軍 第164航空軍
AST;オーストラリア空軍 第165航空軍
AST;オーストラリア空軍 第166航空軍
AST;オーストラリア空軍 第167航空軍
AST;オーストラリア空軍 第168航空軍
AST;オーストラリア空軍 第169航空軍
AST;オーストラリア空軍 第170航空軍
AST;オーストラリア空軍 第171航空軍
AST;オーストラリア空軍 第172航空軍
AST;オーストラリア空軍 第173航空軍
AST;オーストラリア空軍 第174航空軍
AST;オーストラリア空軍 第175航空軍
AST;オーストラリア空軍 第176航空軍
AST;オーストラリア空軍 第177航空軍
AST;オーストラリア空軍 第178航空軍
AST;オーストラリア空軍 第179航空軍
AST;オーストラリア空軍 第180航空軍
AST;オーストラリア空軍 第181航空軍
AST;オーストラリア空軍 第182航空軍
AST;オーストラリア空軍 第183航空軍
AST;オーストラリア空軍 第184航空軍
AST;オーストラリア空軍 第185航空軍
AST;オーストラリア空軍 第186航空軍
AST;オーストラリア空軍 第187航空軍
AST;オーストラリア空軍 第188航空軍
AST;オーストラリア空軍 第189航空軍
AST;オーストラリア空軍 第190航空軍
AST;オーストラリア空軍 第191航空軍
AST;オーストラリア空軍 第192航空軍
AST;オーストラリア空軍 第193航空軍
AST;オーストラリア空軍 第194航空軍
AST;オーストラリア空軍 第195航空軍
AST;オーストラリア空軍 第196航空軍
AST;オーストラリア空軍 第197航空軍
AST;オーストラリア空軍 第198航空軍
AST;オーストラリア空軍 第199航空軍
AST;オーストラリア空軍 第200航空軍
AST;オーストラリア空軍 第201航空軍
AST;オーストラリア空軍 第202航空軍
AST;オーストラリア空軍 第203航空軍
AST;オーストラリア空軍 第204航空軍
AST;オーストラリア空軍 第205航空軍
AST;オーストラリア空軍 第206航空軍
AST;オーストラリア空軍 第207航空軍
AST;オーストラリア空軍 第208航空軍
AST;オーストラリア空軍 第209航空軍
AST;オーストラリア空軍 第210航空軍
AST;オーストラリア空軍 第211航空軍
AST;オーストラリア空軍 第212航空軍
AST;オーストラリア空軍 第213航空軍
AST;オーストラリア空軍 第214航空軍
AST;オーストラリア空軍 第215航空軍
AST;オーストラリア空軍 第216航空軍
AST;オーストラリア空軍 第217航空軍
AST;オーストラリア空軍 第218航空軍
AST;オーストラリア空軍 第219航空軍
AST;オーストラリア空軍 第220航空軍
AST;オーストラリア空軍 第221航空軍
AST;オーストラリア空軍 第222航空軍
AST;オーストラリア空軍 第223航空軍
AST;オーストラリア空軍 第224航空軍
AST;オーストラリア空軍 第225航空軍
AST;オーストラリア空軍 第226航空軍
AST;オーストラリア空軍 第227航空軍
AST;オーストラリア空軍 第228航空軍
AST;オーストラリア空軍 第229航空軍
AST;オーストラリア空軍 第230航空軍
AST;オーストラリア空軍 第231航空軍
AST;オーストラリア空軍 第232航空軍
AST;オーストラリア空軍 第233航空軍
AST;オーストラリア空軍 第234航空軍
AST;オーストラリア空軍 第235航空軍
AST;オーストラリア空軍 第236航空軍
AST;オーストラリア空軍 第237航空軍
AST;オーストラリア空軍 第238航空軍
AST;オーストラリア空軍 第239航空軍
AST;オーストラリア空軍 第240航空軍
AST;オーストラリア空軍 第241航空軍
AST;オーストラリア空軍 第242航空軍
AST;オーストラリア空軍 第243航空軍
AST;オーストラリア空軍 第244航空軍
AST;オーストラリア空軍 第245航空軍
AST;オーストラリア空軍 第246航空軍
AST;オーストラリア空軍 第247航空軍
AST;オーストラリア空軍 第248航空軍
AST;オーストラリア空軍 第249航空軍
AST;オーストラリア空軍 第250航空軍
AST;オーストラリア空軍 第251航空軍
AST;オーストラリア空軍 第252航空軍
AST;オーストラリア空軍 第253航空軍
AST;オーストラリア空軍 第254航空軍
AST;オーストラリア空軍 第255航空軍
AST;オーストラリア空軍 第256航空軍
AST;オーストラリア空軍 第257航空軍
AST;オーストラリア空軍 第258航空軍
AST;オーストラリア空軍 第259航空軍
AST;オーストラリア空軍 第260航空軍
AST;オーストラリア空軍 第261航空軍
AST;オーストラリア空軍 第262航空軍
AST;オーストラリア空軍 第263航空軍
AST;オーストラリア空軍 第264航空軍
AST;オーストラリア空軍 第265航空軍
AST;オーストラリア空軍 第266航空軍
AST;オーストラリア空軍 第267航空軍
AST;オーストラリア空軍 第268航空軍
AST;オーストラリア空軍 第269航空軍
AST;オーストラリア空軍 第270航空軍
AST;オーストラリア空軍 第271航空軍
AST;オーストラリア空軍 第272航空軍
AST;オーストラリア空軍 第273航空軍
AST;オーストラリア空軍 第274航空軍
AST;オーストラリア空軍 第275航空軍
AST;オーストラリア空軍 第276航空軍
AST;オーストラリア空軍 第277航空軍
AST;オーストラリア空軍 第278航空軍
AST;オーストラリア空軍 第279航空軍
AST;オーストラリア空軍 第280航空軍
AST;オーストラリア空軍 第281航空軍
AST;オーストラリア空軍 第282航空軍
AST;オーストラリア空軍 第283航空軍
AST;オーストラリア空軍 第284航空軍
AST;オーストラリア空軍 第285航空軍
AST;オーストラリア空軍 第286航空軍
AST;オーストラリア空軍 第287航空軍
AST;オーストラリア空軍 第288航空軍
AST;オーストラリア空軍 第289航空軍
AST;オーストラリア空軍 第290航空軍
AST;オーストラリア空軍 第291航空軍
AST;オーストラリア空軍 第292航空軍
AST;オーストラリア空軍 第293航空軍
AST;オーストラリア空軍 第294航空軍
AST;オーストラリア空軍 第295航空軍
AST;オーストラリア空軍 第296航空軍
AST;オーストラリア空軍 第297航空軍
AST;オーストラリア空軍 第298航空軍
AST;オーストラリア空軍 第299航空軍
AST;オーストラリア空軍 第300航空軍
U01;アフリカ空軍 第1航空軍
U01;アフリカ空軍 第2航空軍
U01;アフリカ空軍 第3航空軍
U01;アフリカ空軍 第4航空軍
U01;アフリカ空軍 第5航空軍
U01;アフリカ空軍 第6航空軍
U01;アフリカ空軍 第7航空軍
U01;アフリカ空軍 第8航空軍
U01;アフリカ空軍 第9航空軍
U01;アフリカ空軍 第10航空軍
U01;アフリカ空軍 第11航空軍
U01;アフリカ空軍 第12航空軍
U01;アフリカ空軍 第13航空軍
U01;アフリカ空軍 第14航空軍
U01;アフリカ空軍 第15航空軍
U01;アフリカ空軍 第21航空軍
U01;アフリカ空軍 第22航空軍
U01;アフリカ空軍 第23航空軍
U01;アフリカ空軍 第24航空軍
U01;アフリカ空軍 第25航空軍
U01;アフリカ空軍 第26航空軍
U01;アフリカ空軍 第27航空軍
U01;アフリカ空軍 第28航空軍
U01;アフリカ空軍 第29航空軍
U01;アフリカ空軍 第30航空軍
U01;アフリカ空軍 第31航空軍
U01;アフリカ空軍 第32航空軍
U01;アフリカ空軍 第33航空軍
U01;アフリカ空軍 第34航空軍
U01;アフリカ空軍 第35航空軍
U01;アフリカ空軍 第36航空軍
U01;アフリカ空軍 第37航空軍
U01;アフリカ空軍 第38航空軍
U01;アフリカ空軍 第39航空軍
U01;アフリカ空軍 第40航空軍
U01;アフリカ空軍 第41航空軍
U01;アフリカ空軍 第42航空軍
U01;アフリカ空軍 第43航空軍
U01;アフリカ空軍 第44航空軍
U01;アフリカ空軍 第45航空軍
U01;アフリカ空軍 第46航空軍
U01;アフリカ空軍 第47航空軍
U01;アフリカ空軍 第48航空軍
U01;アフリカ空軍 第49航空軍
U01;アフリカ空軍 第50航空軍
U01;アフリカ空軍 第51航空軍
U01;アフリカ空軍 第52航空軍
U01;アフリカ空軍 第53航空軍
U01;アフリカ空軍 第54航空軍
U01;アフリカ空軍 第55航空軍
U01;アフリカ空軍 第56航空軍
U01;アフリカ空軍 第57航空軍
U01;アフリカ空軍 第58航空軍
U01;アフリカ空軍 第59航空軍
U01;アフリカ空軍 第60航空軍
U01;アフリカ空軍 第61航空軍
U01;アフリカ空軍 第62航空軍
U01;アフリカ空軍 第63航空軍
U01;アフリカ空軍 第64航空軍
U01;アフリカ空軍 第65航空軍
U01;アフリカ空軍 第66航空軍
U01;アフリカ空軍 第67航空軍
U01;アフリカ空軍 第68航空軍
U01;アフリカ空軍 第69航空軍
U01;アフリカ空軍 第70航空軍
U01;アフリカ空軍 第71航空軍
U01;アフリカ空軍 第72航空軍
U01;アフリカ空軍 第73航空軍
U01;アフリカ空軍 第74航空軍
U01;アフリカ空軍 第75航空軍
U01;アフリカ空軍 第76航空軍
U01;アフリカ空軍 第77航空軍
U01;アフリカ空軍 第78航空軍
U01;アフリカ空軍 第79航空軍
U01;アフリカ空軍 第80航空軍
U01;アフリカ空軍 第81航空軍
U01;アフリカ空軍 第82航空軍
U01;アフリカ空軍 第83航空軍
U01;アフリカ空軍 第84航空軍
U01;アフリカ空軍 第85航空軍
U01;アフリカ空軍 第86航空軍
U01;アフリカ空軍 第87航空軍
U01;アフリカ空軍 第88航空軍
U01;アフリカ空軍 第89航空軍
U01;アフリカ空軍 第90航空軍
U01;アフリカ空軍 第91航空軍
U01;アフリカ空軍 第92航空軍
U01;アフリカ空軍 第93航空軍
U01;アフリカ空軍 第94航空軍
U01;アフリカ空軍 第95航空軍
U01;アフリカ空軍 第96航空軍
U01;アフリカ空軍 第97航空軍
U01;アフリカ空軍 第98航空軍
U01;アフリカ空軍 第99航空軍
U01;アフリカ空軍 第100航空軍
U01;アフリカ空軍 第101航空軍
U01;アフリカ空軍 第102航空軍
U01;アフリカ空軍 第103航空軍
U01;アフリカ空軍 第104航空軍
U01;アフリカ空軍 第105航空軍
U01;アフリカ空軍 第106航空軍
U01;アフリカ空軍 第107航空軍
U01;アフリカ空軍 第108航空軍
U01;アフリカ空軍 第109航空軍
U01;アフリカ空軍 第110航空軍
U01;アフリカ空軍 第111航空軍
U01;アフリカ空軍 第112航空軍
U01;アフリカ空軍 第113航空軍
U01;アフリカ空軍 第114航空軍
U01;アフリカ空軍 第115航空軍
U01;アフリカ空軍 第116航空軍
U01;アフリカ空軍 第117航空軍
U01;アフリカ空軍 第118航空軍
U01;アフリカ空軍 第119航空軍
U01;アフリカ空軍 第120航空軍
U01;アフリカ空軍 第121航空軍
U01;アフリカ空軍 第122航空軍
U01;アフリカ空軍 第123航空軍
U01;アフリカ空軍 第124航空軍
U01;アフリカ空軍 第125航空軍
U01;アフリカ空軍 第126航空軍
U01;アフリカ空軍 第127航空軍
U01;アフリカ空軍 第128航空軍
U01;アフリカ空軍 第129航空軍
U01;アフリカ空軍 第130航空軍
U01;アフリカ空軍 第131航空軍
U01;アフリカ空軍 第132航空軍
U01;アフリカ空軍 第133航空軍
U01;アフリカ空軍 第134航空軍
U01;アフリカ空軍 第135航空軍
U01;アフリカ空軍 第136航空軍
U01;アフリカ空軍 第137航空軍
U01;アフリカ空軍 第138航空軍
U01;アフリカ空軍 第139航空軍
U01;アフリカ空軍 第140航空軍
U01;アフリカ空軍 第141航空軍
U01;アフリカ空軍 第142航空軍
U01;アフリカ空軍 第143航空軍
U01;アフリカ空軍 第144航空軍
U01;アフリカ空軍 第145航空軍
U01;アフリカ空軍 第146航空軍
U01;アフリカ空軍 第147航空軍
U01;アフリカ空軍 第148航空軍
U01;アフリカ空軍 第149航空軍
U01;アフリカ空軍 第150航空軍
U01;アフリカ空軍 第151航空軍
U01;アフリカ空軍 第152航空軍
U01;アフリカ空軍 第153航空軍
U01;アフリカ空軍 第154航空軍
U01;アフリカ空軍 第155航空軍
U01;アフリカ空軍 第156航空軍
U01;アフリカ空軍 第157航空軍
U01;アフリカ空軍 第158航空軍
U01;アフリカ空軍 第159航空軍
U01;アフリカ空軍 第160航空軍
U01;アフリカ空軍 第161航空軍
U01;アフリカ空軍 第162航空軍
U01;アフリカ空軍 第163航空軍
U01;アフリカ空軍 第164航空軍
U01;アフリカ空軍 第165航空軍
U01;アフリカ空軍 第166航空軍
U01;アフリカ空軍 第167航空軍
U01;アフリカ空軍 第168航空軍
U01;アフリカ空軍 第169航空軍
U01;アフリカ空軍 第170航空軍
U01;アフリカ空軍 第171航空軍
U01;アフリカ空軍 第172航空軍
U01;アフリカ空軍 第173航空軍
U01;アフリカ空軍 第174航空軍
U01;アフリカ空軍 第175航空軍
U01;アフリカ空軍 第176航空軍
U01;アフリカ空軍 第177航空軍
U01;アフリカ空軍 第178航空軍
U01;アフリカ空軍 第179航空軍
U01;アフリカ空軍 第180航空軍
U01;アフリカ空軍 第181航空軍
U01;アフリカ空軍 第182航空軍
U01;アフリカ空軍 第183航空軍
U01;アフリカ空軍 第184航空軍
U01;アフリカ空軍 第185航空軍
U01;アフリカ空軍 第186航空軍
U01;アフリカ空軍 第187航空軍
U01;アフリカ空軍 第188航空軍
U01;アフリカ空軍 第189航空軍
U01;アフリカ空軍 第190航空軍
U01;アフリカ空軍 第191航空軍
U01;アフリカ空軍 第192航空軍
U01;アフリカ空軍 第193航空軍
U01;アフリカ空軍 第194航空軍
U01;アフリカ空軍 第195航空軍
U01;アフリカ空軍 第196航空軍
U01;アフリカ空軍 第197航空軍
U01;アフリカ空軍 第198航空軍
U01;アフリカ空軍 第199航空軍
U01;アフリカ空軍 第200航空軍
U01;アフリカ空軍 第201航空軍
U01;アフリカ空軍 第202航空軍
U01;アフリカ空軍 第203航空軍
U01;アフリカ空軍 第204航空軍
U01;アフリカ空軍 第205航空軍
U01;アフリカ空軍 第206航空軍
U01;アフリカ空軍 第207航空軍
U01;アフリカ空軍 第208航空軍
U01;アフリカ空軍 第209航空軍
U01;アフリカ空軍 第210航空軍
U01;アフリカ空軍 第211航空軍
U01;アフリカ空軍 第212航空軍
U01;アフリカ空軍 第213航空軍
U01;アフリカ空軍 第214航空軍
U01;アフリカ空軍 第215航空軍
U01;アフリカ空軍 第216航空軍
U01;アフリカ空軍 第217航空軍
U01;アフリカ空軍 第218航空軍
U01;アフリカ空軍 第219航空軍
U01;アフリカ空軍 第220航空軍
U01;アフリカ空軍 第221航空軍
U01;アフリカ空軍 第222航空軍
U01;アフリカ空軍 第223航空軍
U01;アフリカ空軍 第224航空軍
U01;アフリカ空軍 第225航空軍
U01;アフリカ空軍 第226航空軍
U01;アフリカ空軍 第227航空軍
U01;アフリカ空軍 第228航空軍
U01;アフリカ空軍 第229航空軍
U01;アフリカ空軍 第230航空軍
U01;アフリカ空軍 第231航空軍
U01;アフリカ空軍 第232航空軍
U01;アフリカ空軍 第233航空軍
U01;アフリカ空軍 第234航空軍
U01;アフリカ空軍 第235航空軍
U01;アフリカ空軍 第236航空軍
U01;アフリカ空軍 第237航空軍
U01;アフリカ空軍 第238航空軍
U01;アフリカ空軍 第239航空軍
U01;アフリカ空軍 第240航空軍
U01;アフリカ空軍 第241航空軍
U01;アフリカ空軍 第242航空軍
U01;アフリカ空軍 第243航空軍
U01;アフリカ空軍 第244航空軍
U01;アフリカ空軍 第245航空軍
U01;アフリカ空軍 第246航空軍
U01;アフリカ空軍 第247航空軍
U01;アフリカ空軍 第248航空軍
U01;アフリカ空軍 第249航空軍
U01;アフリカ空軍 第250航空軍
U01;アフリカ空軍 第251航空軍
U01;アフリカ空軍 第252航空軍
U01;アフリカ空軍 第253航空軍
U01;アフリカ空軍 第254航空軍
U01;アフリカ空軍 第255航空軍
U01;アフリカ空軍 第256航空軍
U01;アフリカ空軍 第257航空軍
U01;アフリカ空軍 第258航空軍
U01;アフリカ空軍 第259航空軍
U01;アフリカ空軍 第260航空軍
U01;アフリカ空軍 第261航空軍
U01;アフリカ空軍 第262航空軍
U01;アフリカ空軍 第263航空軍
U01;アフリカ空軍 第264航空軍
U01;アフリカ空軍 第265航空軍
U01;アフリカ空軍 第266航空軍
U01;アフリカ空軍 第267航空軍
U01;アフリカ空軍 第268航空軍
U01;アフリカ空軍 第269航空軍
U01;アフリカ空軍 第270航空軍
U01;アフリカ空軍 第271航空軍
U01;アフリカ空軍 第272航空軍
U01;アフリカ空軍 第273航空軍
U01;アフリカ空軍 第274航空軍
U01;アフリカ空軍 第275航空軍
U01;アフリカ空軍 第276航空軍
U01;アフリカ空軍 第277航空軍
U01;アフリカ空軍 第278航空軍
U01;アフリカ空軍 第279航空軍
U01;アフリカ空軍 第280航空軍
U01;アフリカ空軍 第281航空軍
U01;アフリカ空軍 第282航空軍
U01;アフリカ空軍 第283航空軍
U01;アフリカ空軍 第284航空軍
U01;アフリカ空軍 第285航空軍
U01;アフリカ空軍 第286航空軍
U01;アフリカ空軍 第287航空軍
U01;アフリカ空軍 第288航空軍
U01;アフリカ空軍 第289航空軍
U01;アフリカ空軍 第290航空軍
U01;アフリカ空軍 第291航空軍
U01;アフリカ空軍 第292航空軍
U01;アフリカ空軍 第293航空軍
U01;アフリカ空軍 第294航空軍
U01;アフリカ空軍 第295航空軍
U01;アフリカ空軍 第296航空軍
U01;アフリカ空軍 第297航空軍
U01;アフリカ空軍 第298航空軍
U01;アフリカ空軍 第299航空軍
U01;アフリカ空軍 第300航空軍
U02;欧州連合空軍 第1航空軍
U02;欧州連合空軍 第2航空軍
U02;欧州連合空軍 第3航空軍
U02;欧州連合空軍 第4航空軍
U02;欧州連合空軍 第5航空軍
U02;欧州連合空軍 第6航空軍
U02;欧州連合空軍 第7航空軍
U02;欧州連合空軍 第8航空軍
U02;欧州連合空軍 第9航空軍
U02;欧州連合空軍 第10航空軍
U02;欧州連合空軍 第11航空軍
U02;欧州連合空軍 第12航空軍
U02;欧州連合空軍 第13航空軍
U02;欧州連合空軍 第14航空軍
U02;欧州連合空軍 第15航空軍
U02;欧州連合空軍 第21航空軍
U02;欧州連合空軍 第22航空軍
U02;欧州連合空軍 第23航空軍
U02;欧州連合空軍 第24航空軍
U02;欧州連合空軍 第25航空軍
U02;欧州連合空軍 第26航空軍
U02;欧州連合空軍 第27航空軍
U02;欧州連合空軍 第28航空軍
U02;欧州連合空軍 第29航空軍
U02;欧州連合空軍 第30航空軍
U02;欧州連合空軍 第31航空軍
U02;欧州連合空軍 第32航空軍
U02;欧州連合空軍 第33航空軍
U02;欧州連合空軍 第34航空軍
U02;欧州連合空軍 第35航空軍
U02;欧州連合空軍 第36航空軍
U02;欧州連合空軍 第37航空軍
U02;欧州連合空軍 第38航空軍
U02;欧州連合空軍 第39航空軍
U02;欧州連合空軍 第40航空軍
U02;欧州連合空軍 第41航空軍
U02;欧州連合空軍 第42航空軍
U02;欧州連合空軍 第43航空軍
U02;欧州連合空軍 第44航空軍
U02;欧州連合空軍 第45航空軍
U02;欧州連合空軍 第46航空軍
U02;欧州連合空軍 第47航空軍
U02;欧州連合空軍 第48航空軍
U02;欧州連合空軍 第49航空軍
U02;欧州連合空軍 第50航空軍
U02;欧州連合空軍 第51航空軍
U02;欧州連合空軍 第52航空軍
U02;欧州連合空軍 第53航空軍
U02;欧州連合空軍 第54航空軍
U02;欧州連合空軍 第55航空軍
U02;欧州連合空軍 第56航空軍
U02;欧州連合空軍 第57航空軍
U02;欧州連合空軍 第58航空軍
U02;欧州連合空軍 第59航空軍
U02;欧州連合空軍 第60航空軍
U02;欧州連合空軍 第61航空軍
U02;欧州連合空軍 第62航空軍
U02;欧州連合空軍 第63航空軍
U02;欧州連合空軍 第64航空軍
U02;欧州連合空軍 第65航空軍
U02;欧州連合空軍 第66航空軍
U02;欧州連合空軍 第67航空軍
U02;欧州連合空軍 第68航空軍
U02;欧州連合空軍 第69航空軍
U02;欧州連合空軍 第70航空軍
U02;欧州連合空軍 第71航空軍
U02;欧州連合空軍 第72航空軍
U02;欧州連合空軍 第73航空軍
U02;欧州連合空軍 第74航空軍
U02;欧州連合空軍 第75航空軍
U02;欧州連合空軍 第76航空軍
U02;欧州連合空軍 第77航空軍
U02;欧州連合空軍 第78航空軍
U02;欧州連合空軍 第79航空軍
U02;欧州連合空軍 第80航空軍
U02;欧州連合空軍 第81航空軍
U02;欧州連合空軍 第82航空軍
U02;欧州連合空軍 第83航空軍
U02;欧州連合空軍 第84航空軍
U02;欧州連合空軍 第85航空軍
U02;欧州連合空軍 第86航空軍
U02;欧州連合空軍 第87航空軍
U02;欧州連合空軍 第88航空軍
U02;欧州連合空軍 第89航空軍
U02;欧州連合空軍 第90航空軍
U02;欧州連合空軍 第91航空軍
U02;欧州連合空軍 第92航空軍
U02;欧州連合空軍 第93航空軍
U02;欧州連合空軍 第94航空軍
U02;欧州連合空軍 第95航空軍
U02;欧州連合空軍 第96航空軍
U02;欧州連合空軍 第97航空軍
U02;欧州連合空軍 第98航空軍
U02;欧州連合空軍 第99航空軍
U02;欧州連合空軍 第100航空軍
U02;欧州連合空軍 第101航空軍
U02;欧州連合空軍 第102航空軍
U02;欧州連合空軍 第103航空軍
U02;欧州連合空軍 第104航空軍
U02;欧州連合空軍 第105航空軍
U02;欧州連合空軍 第106航空軍
U02;欧州連合空軍 第107航空軍
U02;欧州連合空軍 第108航空軍
U02;欧州連合空軍 第109航空軍
U02;欧州連合空軍 第110航空軍
U02;欧州連合空軍 第111航空軍
U02;欧州連合空軍 第112航空軍
U02;欧州連合空軍 第113航空軍
U02;欧州連合空軍 第114航空軍
U02;欧州連合空軍 第115航空軍
U02;欧州連合空軍 第116航空軍
U02;欧州連合空軍 第117航空軍
U02;欧州連合空軍 第118航空軍
U02;欧州連合空軍 第119航空軍
U02;欧州連合空軍 第120航空軍
U02;欧州連合空軍 第121航空軍
U02;欧州連合空軍 第122航空軍
U02;欧州連合空軍 第123航空軍
U02;欧州連合空軍 第124航空軍
U02;欧州連合空軍 第125航空軍
U02;欧州連合空軍 第126航空軍
U02;欧州連合空軍 第127航空軍
U02;欧州連合空軍 第128航空軍
U02;欧州連合空軍 第129航空軍
U02;欧州連合空軍 第130航空軍
U02;欧州連合空軍 第131航空軍
U02;欧州連合空軍 第132航空軍
U02;欧州連合空軍 第133航空軍
U02;欧州連合空軍 第134航空軍
U02;欧州連合空軍 第135航空軍
U02;欧州連合空軍 第136航空軍
U02;欧州連合空軍 第137航空軍
U02;欧州連合空軍 第138航空軍
U02;欧州連合空軍 第139航空軍
U02;欧州連合空軍 第140航空軍
U02;欧州連合空軍 第141航空軍
U02;欧州連合空軍 第142航空軍
U02;欧州連合空軍 第143航空軍
U02;欧州連合空軍 第144航空軍
U02;欧州連合空軍 第145航空軍
U02;欧州連合空軍 第146航空軍
U02;欧州連合空軍 第147航空軍
U02;欧州連合空軍 第148航空軍
U02;欧州連合空軍 第149航空軍
U02;欧州連合空軍 第150航空軍
U02;欧州連合空軍 第151航空軍
U02;欧州連合空軍 第152航空軍
U02;欧州連合空軍 第153航空軍
U02;欧州連合空軍 第154航空軍
U02;欧州連合空軍 第155航空軍
U02;欧州連合空軍 第156航空軍
U02;欧州連合空軍 第157航空軍
U02;欧州連合空軍 第158航空軍
U02;欧州連合空軍 第159航空軍
U02;欧州連合空軍 第160航空軍
U02;欧州連合空軍 第161航空軍
U02;欧州連合空軍 第162航空軍
U02;欧州連合空軍 第163航空軍
U02;欧州連合空軍 第164航空軍
U02;欧州連合空軍 第165航空軍
U02;欧州連合空軍 第166航空軍
U02;欧州連合空軍 第167航空軍
U02;欧州連合空軍 第168航空軍
U02;欧州連合空軍 第169航空軍
U02;欧州連合空軍 第170航空軍
U02;欧州連合空軍 第171航空軍
U02;欧州連合空軍 第172航空軍
U02;欧州連合空軍 第173航空軍
U02;欧州連合空軍 第174航空軍
U02;欧州連合空軍 第175航空軍
U02;欧州連合空軍 第176航空軍
U02;欧州連合空軍 第177航空軍
U02;欧州連合空軍 第178航空軍
U02;欧州連合空軍 第179航空軍
U02;欧州連合空軍 第180航空軍
U02;欧州連合空軍 第181航空軍
U02;欧州連合空軍 第182航空軍
U02;欧州連合空軍 第183航空軍
U02;欧州連合空軍 第184航空軍
U02;欧州連合空軍 第185航空軍
U02;欧州連合空軍 第186航空軍
U02;欧州連合空軍 第187航空軍
U02;欧州連合空軍 第188航空軍
U02;欧州連合空軍 第189航空軍
U02;欧州連合空軍 第190航空軍
U02;欧州連合空軍 第191航空軍
U02;欧州連合空軍 第192航空軍
U02;欧州連合空軍 第193航空軍
U02;欧州連合空軍 第194航空軍
U02;欧州連合空軍 第195航空軍
U02;欧州連合空軍 第196航空軍
U02;欧州連合空軍 第197航空軍
U02;欧州連合空軍 第198航空軍
U02;欧州連合空軍 第199航空軍
U02;欧州連合空軍 第200航空軍
U02;欧州連合空軍 第201航空軍
U02;欧州連合空軍 第202航空軍
U02;欧州連合空軍 第203航空軍
U02;欧州連合空軍 第204航空軍
U02;欧州連合空軍 第205航空軍
U02;欧州連合空軍 第206航空軍
U02;欧州連合空軍 第207航空軍
U02;欧州連合空軍 第208航空軍
U02;欧州連合空軍 第209航空軍
U02;欧州連合空軍 第210航空軍
U02;欧州連合空軍 第211航空軍
U02;欧州連合空軍 第212航空軍
U02;欧州連合空軍 第213航空軍
U02;欧州連合空軍 第214航空軍
U02;欧州連合空軍 第215航空軍
U02;欧州連合空軍 第216航空軍
U02;欧州連合空軍 第217航空軍
U02;欧州連合空軍 第218航空軍
U02;欧州連合空軍 第219航空軍
U02;欧州連合空軍 第220航空軍
U02;欧州連合空軍 第221航空軍
U02;欧州連合空軍 第222航空軍
U02;欧州連合空軍 第223航空軍
U02;欧州連合空軍 第224航空軍
U02;欧州連合空軍 第225航空軍
U02;欧州連合空軍 第226航空軍
U02;欧州連合空軍 第227航空軍
U02;欧州連合空軍 第228航空軍
U02;欧州連合空軍 第229航空軍
U02;欧州連合空軍 第230航空軍
U02;欧州連合空軍 第231航空軍
U02;欧州連合空軍 第232航空軍
U02;欧州連合空軍 第233航空軍
U02;欧州連合空軍 第234航空軍
U02;欧州連合空軍 第235航空軍
U02;欧州連合空軍 第236航空軍
U02;欧州連合空軍 第237航空軍
U02;欧州連合空軍 第238航空軍
U02;欧州連合空軍 第239航空軍
U02;欧州連合空軍 第240航空軍
U02;欧州連合空軍 第241航空軍
U02;欧州連合空軍 第242航空軍
U02;欧州連合空軍 第243航空軍
U02;欧州連合空軍 第244航空軍
U02;欧州連合空軍 第245航空軍
U02;欧州連合空軍 第246航空軍
U02;欧州連合空軍 第247航空軍
U02;欧州連合空軍 第248航空軍
U02;欧州連合空軍 第249航空軍
U02;欧州連合空軍 第250航空軍
U02;欧州連合空軍 第251航空軍
U02;欧州連合空軍 第252航空軍
U02;欧州連合空軍 第253航空軍
U02;欧州連合空軍 第254航空軍
U02;欧州連合空軍 第255航空軍
U02;欧州連合空軍 第256航空軍
U02;欧州連合空軍 第257航空軍
U02;欧州連合空軍 第258航空軍
U02;欧州連合空軍 第259航空軍
U02;欧州連合空軍 第260航空軍
U02;欧州連合空軍 第261航空軍
U02;欧州連合空軍 第262航空軍
U02;欧州連合空軍 第263航空軍
U02;欧州連合空軍 第264航空軍
U02;欧州連合空軍 第265航空軍
U02;欧州連合空軍 第266航空軍
U02;欧州連合空軍 第267航空軍
U02;欧州連合空軍 第268航空軍
U02;欧州連合空軍 第269航空軍
U02;欧州連合空軍 第270航空軍
U02;欧州連合空軍 第271航空軍
U02;欧州連合空軍 第272航空軍
U02;欧州連合空軍 第273航空軍
U02;欧州連合空軍 第274航空軍
U02;欧州連合空軍 第275航空軍
U02;欧州連合空軍 第276航空軍
U02;欧州連合空軍 第277航空軍
U02;欧州連合空軍 第278航空軍
U02;欧州連合空軍 第279航空軍
U02;欧州連合空軍 第280航空軍
U02;欧州連合空軍 第281航空軍
U02;欧州連合空軍 第282航空軍
U02;欧州連合空軍 第283航空軍
U02;欧州連合空軍 第284航空軍
U02;欧州連合空軍 第285航空軍
U02;欧州連合空軍 第286航空軍
U02;欧州連合空軍 第287航空軍
U02;欧州連合空軍 第288航空軍
U02;欧州連合空軍 第289航空軍
U02;欧州連合空軍 第290航空軍
U02;欧州連合空軍 第291航空軍
U02;欧州連合空軍 第292航空軍
U02;欧州連合空軍 第293航空軍
U02;欧州連合空軍 第294航空軍
U02;欧州連合空軍 第295航空軍
U02;欧州連合空軍 第296航空軍
U02;欧州連合空軍 第297航空軍
U02;欧州連合空軍 第298航空軍
U02;欧州連合空軍 第299航空軍
U02;欧州連合空軍 第300航空軍
U03;中東連合空軍 第1航空軍
U03;中東連合空軍 第2航空軍
U03;中東連合空軍 第3航空軍
U03;中東連合空軍 第4航空軍
U03;中東連合空軍 第5航空軍
U03;中東連合空軍 第6航空軍
U03;中東連合空軍 第7航空軍
U03;中東連合空軍 第8航空軍
U03;中東連合空軍 第9航空軍
U03;中東連合空軍 第10航空軍
U03;中東連合空軍 第11航空軍
U03;中東連合空軍 第12航空軍
U03;中東連合空軍 第13航空軍
U03;中東連合空軍 第14航空軍
U03;中東連合空軍 第15航空軍
U03;中東連合空軍 第21航空軍
U03;中東連合空軍 第22航空軍
U03;中東連合空軍 第23航空軍
U03;中東連合空軍 第24航空軍
U03;中東連合空軍 第25航空軍
U03;中東連合空軍 第26航空軍
U03;中東連合空軍 第27航空軍
U03;中東連合空軍 第28航空軍
U03;中東連合空軍 第29航空軍
U03;中東連合空軍 第30航空軍
U03;中東連合空軍 第31航空軍
U03;中東連合空軍 第32航空軍
U03;中東連合空軍 第33航空軍
U03;中東連合空軍 第34航空軍
U03;中東連合空軍 第35航空軍
U03;中東連合空軍 第36航空軍
U03;中東連合空軍 第37航空軍
U03;中東連合空軍 第38航空軍
U03;中東連合空軍 第39航空軍
U03;中東連合空軍 第40航空軍
U03;中東連合空軍 第41航空軍
U03;中東連合空軍 第42航空軍
U03;中東連合空軍 第43航空軍
U03;中東連合空軍 第44航空軍
U03;中東連合空軍 第45航空軍
U03;中東連合空軍 第46航空軍
U03;中東連合空軍 第47航空軍
U03;中東連合空軍 第48航空軍
U03;中東連合空軍 第49航空軍
U03;中東連合空軍 第50航空軍
U03;中東連合空軍 第51航空軍
U03;中東連合空軍 第52航空軍
U03;中東連合空軍 第53航空軍
U03;中東連合空軍 第54航空軍
U03;中東連合空軍 第55航空軍
U03;中東連合空軍 第56航空軍
U03;中東連合空軍 第57航空軍
U03;中東連合空軍 第58航空軍
U03;中東連合空軍 第59航空軍
U03;中東連合空軍 第60航空軍
U03;中東連合空軍 第61航空軍
U03;中東連合空軍 第62航空軍
U03;中東連合空軍 第63航空軍
U03;中東連合空軍 第64航空軍
U03;中東連合空軍 第65航空軍
U03;中東連合空軍 第66航空軍
U03;中東連合空軍 第67航空軍
U03;中東連合空軍 第68航空軍
U03;中東連合空軍 第69航空軍
U03;中東連合空軍 第70航空軍
U03;中東連合空軍 第71航空軍
U03;中東連合空軍 第72航空軍
U03;中東連合空軍 第73航空軍
U03;中東連合空軍 第74航空軍
U03;中東連合空軍 第75航空軍
U03;中東連合空軍 第76航空軍
U03;中東連合空軍 第77航空軍
U03;中東連合空軍 第78航空軍
U03;中東連合空軍 第79航空軍
U03;中東連合空軍 第80航空軍
U03;中東連合空軍 第81航空軍
U03;中東連合空軍 第82航空軍
U03;中東連合空軍 第83航空軍
U03;中東連合空軍 第84航空軍
U03;中東連合空軍 第85航空軍
U03;中東連合空軍 第86航空軍
U03;中東連合空軍 第87航空軍
U03;中東連合空軍 第88航空軍
U03;中東連合空軍 第89航空軍
U03;中東連合空軍 第90航空軍
U03;中東連合空軍 第91航空軍
U03;中東連合空軍 第92航空軍
U03;中東連合空軍 第93航空軍
U03;中東連合空軍 第94航空軍
U03;中東連合空軍 第95航空軍
U03;中東連合空軍 第96航空軍
U03;中東連合空軍 第97航空軍
U03;中東連合空軍 第98航空軍
U03;中東連合空軍 第99航空軍
U03;中東連合空軍 第100航空軍
U03;中東連合空軍 第101航空軍
U03;中東連合空軍 第102航空軍
U03;中東連合空軍 第103航空軍
U03;中東連合空軍 第104航空軍
U03;中東連合空軍 第105航空軍
U03;中東連合空軍 第106航空軍
U03;中東連合空軍 第107航空軍
U03;中東連合空軍 第108航空軍
U03;中東連合空軍 第109航空軍
U03;中東連合空軍 第110航空軍
U03;中東連合空軍 第111航空軍
U03;中東連合空軍 第112航空軍
U03;中東連合空軍 第113航空軍
U03;中東連合空軍 第114航空軍
U03;中東連合空軍 第115航空軍
U03;中東連合空軍 第116航空軍
U03;中東連合空軍 第117航空軍
U03;中東連合空軍 第118航空軍
U03;中東連合空軍 第119航空軍
U03;中東連合空軍 第120航空軍
U03;中東連合空軍 第121航空軍
U03;中東連合空軍 第122航空軍
U03;中東連合空軍 第123航空軍
U03;中東連合空軍 第124航空軍
U03;中東連合空軍 第125航空軍
U03;中東連合空軍 第126航空軍
U03;中東連合空軍 第127航空軍
U03;中東連合空軍 第128航空軍
U03;中東連合空軍 第129航空軍
U03;中東連合空軍 第130航空軍
U03;中東連合空軍 第131航空軍
U03;中東連合空軍 第132航空軍
U03;中東連合空軍 第133航空軍
U03;中東連合空軍 第134航空軍
U03;中東連合空軍 第135航空軍
U03;中東連合空軍 第136航空軍
U03;中東連合空軍 第137航空軍
U03;中東連合空軍 第138航空軍
U03;中東連合空軍 第139航空軍
U03;中東連合空軍 第140航空軍
U03;中東連合空軍 第141航空軍
U03;中東連合空軍 第142航空軍
U03;中東連合空軍 第143航空軍
U03;中東連合空軍 第144航空軍
U03;中東連合空軍 第145航空軍
U03;中東連合空軍 第146航空軍
U03;中東連合空軍 第147航空軍
U03;中東連合空軍 第148航空軍
U03;中東連合空軍 第149航空軍
U03;中東連合空軍 第150航空軍
U03;中東連合空軍 第151航空軍
U03;中東連合空軍 第152航空軍
U03;中東連合空軍 第153航空軍
U03;中東連合空軍 第154航空軍
U03;中東連合空軍 第155航空軍
U03;中東連合空軍 第156航空軍
U03;中東連合空軍 第157航空軍
U03;中東連合空軍 第158航空軍
U03;中東連合空軍 第159航空軍
U03;中東連合空軍 第160航空軍
U03;中東連合空軍 第161航空軍
U03;中東連合空軍 第162航空軍
U03;中東連合空軍 第163航空軍
U03;中東連合空軍 第164航空軍
U03;中東連合空軍 第165航空軍
U03;中東連合空軍 第166航空軍
U03;中東連合空軍 第167航空軍
U03;中東連合空軍 第168航空軍
U03;中東連合空軍 第169航空軍
U03;中東連合空軍 第170航空軍
U03;中東連合空軍 第171航空軍
U03;中東連合空軍 第172航空軍
U03;中東連合空軍 第173航空軍
U03;中東連合空軍 第174航空軍
U03;中東連合空軍 第175航空軍
U03;中東連合空軍 第176航空軍
U03;中東連合空軍 第177航空軍
U03;中東連合空軍 第178航空軍
U03;中東連合空軍 第179航空軍
U03;中東連合空軍 第180航空軍
U03;中東連合空軍 第181航空軍
U03;中東連合空軍 第182航空軍
U03;中東連合空軍 第183航空軍
U03;中東連合空軍 第184航空軍
U03;中東連合空軍 第185航空軍
U03;中東連合空軍 第186航空軍
U03;中東連合空軍 第187航空軍
U03;中東連合空軍 第188航空軍
U03;中東連合空軍 第189航空軍
U03;中東連合空軍 第190航空軍
U03;中東連合空軍 第191航空軍
U03;中東連合空軍 第192航空軍
U03;中東連合空軍 第193航空軍
U03;中東連合空軍 第194航空軍
U03;中東連合空軍 第195航空軍
U03;中東連合空軍 第196航空軍
U03;中東連合空軍 第197航空軍
U03;中東連合空軍 第198航空軍
U03;中東連合空軍 第199航空軍
U03;中東連合空軍 第200航空軍
U03;中東連合空軍 第201航空軍
U03;中東連合空軍 第202航空軍
U03;中東連合空軍 第203航空軍
U03;中東連合空軍 第204航空軍
U03;中東連合空軍 第205航空軍
U03;中東連合空軍 第206航空軍
U03;中東連合空軍 第207航空軍
U03;中東連合空軍 第208航空軍
U03;中東連合空軍 第209航空軍
U03;中東連合空軍 第210航空軍
U03;中東連合空軍 第211航空軍
U03;中東連合空軍 第212航空軍
U03;中東連合空軍 第213航空軍
U03;中東連合空軍 第214航空軍
U03;中東連合空軍 第215航空軍
U03;中東連合空軍 第216航空軍
U03;中東連合空軍 第217航空軍
U03;中東連合空軍 第218航空軍
U03;中東連合空軍 第219航空軍
U03;中東連合空軍 第220航空軍
U03;中東連合空軍 第221航空軍
U03;中東連合空軍 第222航空軍
U03;中東連合空軍 第223航空軍
U03;中東連合空軍 第224航空軍
U03;中東連合空軍 第225航空軍
U03;中東連合空軍 第226航空軍
U03;中東連合空軍 第227航空軍
U03;中東連合空軍 第228航空軍
U03;中東連合空軍 第229航空軍
U03;中東連合空軍 第230航空軍
U03;中東連合空軍 第231航空軍
U03;中東連合空軍 第232航空軍
U03;中東連合空軍 第233航空軍
U03;中東連合空軍 第234航空軍
U03;中東連合空軍 第235航空軍
U03;中東連合空軍 第236航空軍
U03;中東連合空軍 第237航空軍
U03;中東連合空軍 第238航空軍
U03;中東連合空軍 第239航空軍
U03;中東連合空軍 第240航空軍
U03;中東連合空軍 第241航空軍
U03;中東連合空軍 第242航空軍
U03;中東連合空軍 第243航空軍
U03;中東連合空軍 第244航空軍
U03;中東連合空軍 第245航空軍
U03;中東連合空軍 第246航空軍
U03;中東連合空軍 第247航空軍
U03;中東連合空軍 第248航空軍
U03;中東連合空軍 第249航空軍
U03;中東連合空軍 第250航空軍
U03;中東連合空軍 第251航空軍
U03;中東連合空軍 第252航空軍
U03;中東連合空軍 第253航空軍
U03;中東連合空軍 第254航空軍
U03;中東連合空軍 第255航空軍
U03;中東連合空軍 第256航空軍
U03;中東連合空軍 第257航空軍
U03;中東連合空軍 第258航空軍
U03;中東連合空軍 第259航空軍
U03;中東連合空軍 第260航空軍
U03;中東連合空軍 第261航空軍
U03;中東連合空軍 第262航空軍
U03;中東連合空軍 第263航空軍
U03;中東連合空軍 第264航空軍
U03;中東連合空軍 第265航空軍
U03;中東連合空軍 第266航空軍
U03;中東連合空軍 第267航空軍
U03;中東連合空軍 第268航空軍
U03;中東連合空軍 第269航空軍
U03;中東連合空軍 第270航空軍
U03;中東連合空軍 第271航空軍
U03;中東連合空軍 第272航空軍
U03;中東連合空軍 第273航空軍
U03;中東連合空軍 第274航空軍
U03;中東連合空軍 第275航空軍
U03;中東連合空軍 第276航空軍
U03;中東連合空軍 第277航空軍
U03;中東連合空軍 第278航空軍
U03;中東連合空軍 第279航空軍
U03;中東連合空軍 第280航空軍
U03;中東連合空軍 第281航空軍
U03;中東連合空軍 第282航空軍
U03;中東連合空軍 第283航空軍
U03;中東連合空軍 第284航空軍
U03;中東連合空軍 第285航空軍
U03;中東連合空軍 第286航空軍
U03;中東連合空軍 第287航空軍
U03;中東連合空軍 第288航空軍
U03;中東連合空軍 第289航空軍
U03;中東連合空軍 第290航空軍
U03;中東連合空軍 第291航空軍
U03;中東連合空軍 第292航空軍
U03;中東連合空軍 第293航空軍
U03;中東連合空軍 第294航空軍
U03;中東連合空軍 第295航空軍
U03;中東連合空軍 第296航空軍
U03;中東連合空軍 第297航空軍
U03;中東連合空軍 第298航空軍
U03;中東連合空軍 第299航空軍
U03;中東連合空軍 第300航空軍
U04;大東亜空軍 第1航空軍
U04;大東亜空軍 第2航空軍
U04;大東亜空軍 第3航空軍
U04;大東亜空軍 第4航空軍
U04;大東亜空軍 第5航空軍
U04;大東亜空軍 第6航空軍
U04;大東亜空軍 第7航空軍
U04;大東亜空軍 第8航空軍
U04;大東亜空軍 第9航空軍
U04;大東亜空軍 第10航空軍
U04;大東亜空軍 第11航空軍
U04;大東亜空軍 第12航空軍
U04;大東亜空軍 第13航空軍
U04;大東亜空軍 第14航空軍
U04;大東亜空軍 第15航空軍
U04;大東亜空軍 第21航空軍
U04;大東亜空軍 第22航空軍
U04;大東亜空軍 第23航空軍
U04;大東亜空軍 第24航空軍
U04;大東亜空軍 第25航空軍
U04;大東亜空軍 第26航空軍
U04;大東亜空軍 第27航空軍
U04;大東亜空軍 第28航空軍
U04;大東亜空軍 第29航空軍
U04;大東亜空軍 第30航空軍
U04;大東亜空軍 第31航空軍
U04;大東亜空軍 第32航空軍
U04;大東亜空軍 第33航空軍
U04;大東亜空軍 第34航空軍
U04;大東亜空軍 第35航空軍
U04;大東亜空軍 第36航空軍
U04;大東亜空軍 第37航空軍
U04;大東亜空軍 第38航空軍
U04;大東亜空軍 第39航空軍
U04;大東亜空軍 第40航空軍
U04;大東亜空軍 第41航空軍
U04;大東亜空軍 第42航空軍
U04;大東亜空軍 第43航空軍
U04;大東亜空軍 第44航空軍
U04;大東亜空軍 第45航空軍
U04;大東亜空軍 第46航空軍
U04;大東亜空軍 第47航空軍
U04;大東亜空軍 第48航空軍
U04;大東亜空軍 第49航空軍
U04;大東亜空軍 第50航空軍
U04;大東亜空軍 第51航空軍
U04;大東亜空軍 第52航空軍
U04;大東亜空軍 第53航空軍
U04;大東亜空軍 第54航空軍
U04;大東亜空軍 第55航空軍
U04;大東亜空軍 第56航空軍
U04;大東亜空軍 第57航空軍
U04;大東亜空軍 第58航空軍
U04;大東亜空軍 第59航空軍
U04;大東亜空軍 第60航空軍
U04;大東亜空軍 第61航空軍
U04;大東亜空軍 第62航空軍
U04;大東亜空軍 第63航空軍
U04;大東亜空軍 第64航空軍
U04;大東亜空軍 第65航空軍
U04;大東亜空軍 第66航空軍
U04;大東亜空軍 第67航空軍
U04;大東亜空軍 第68航空軍
U04;大東亜空軍 第69航空軍
U04;大東亜空軍 第70航空軍
U04;大東亜空軍 第71航空軍
U04;大東亜空軍 第72航空軍
U04;大東亜空軍 第73航空軍
U04;大東亜空軍 第74航空軍
U04;大東亜空軍 第75航空軍
U04;大東亜空軍 第76航空軍
U04;大東亜空軍 第77航空軍
U04;大東亜空軍 第78航空軍
U04;大東亜空軍 第79航空軍
U04;大東亜空軍 第80航空軍
U04;大東亜空軍 第81航空軍
U04;大東亜空軍 第82航空軍
U04;大東亜空軍 第83航空軍
U04;大東亜空軍 第84航空軍
U04;大東亜空軍 第85航空軍
U04;大東亜空軍 第86航空軍
U04;大東亜空軍 第87航空軍
U04;大東亜空軍 第88航空軍
U04;大東亜空軍 第89航空軍
U04;大東亜空軍 第90航空軍
U04;大東亜空軍 第91航空軍
U04;大東亜空軍 第92航空軍
U04;大東亜空軍 第93航空軍
U04;大東亜空軍 第94航空軍
U04;大東亜空軍 第95航空軍
U04;大東亜空軍 第96航空軍
U04;大東亜空軍 第97航空軍
U04;大東亜空軍 第98航空軍
U04;大東亜空軍 第99航空軍
U04;大東亜空軍 第100航空軍
U04;大東亜空軍 第101航空軍
U04;大東亜空軍 第102航空軍
U04;大東亜空軍 第103航空軍
U04;大東亜空軍 第104航空軍
U04;大東亜空軍 第105航空軍
U04;大東亜空軍 第106航空軍
U04;大東亜空軍 第107航空軍
U04;大東亜空軍 第108航空軍
U04;大東亜空軍 第109航空軍
U04;大東亜空軍 第110航空軍
U04;大東亜空軍 第111航空軍
U04;大東亜空軍 第112航空軍
U04;大東亜空軍 第113航空軍
U04;大東亜空軍 第114航空軍
U04;大東亜空軍 第115航空軍
U04;大東亜空軍 第116航空軍
U04;大東亜空軍 第117航空軍
U04;大東亜空軍 第118航空軍
U04;大東亜空軍 第119航空軍
U04;大東亜空軍 第120航空軍
U04;大東亜空軍 第121航空軍
U04;大東亜空軍 第122航空軍
U04;大東亜空軍 第123航空軍
U04;大東亜空軍 第124航空軍
U04;大東亜空軍 第125航空軍
U04;大東亜空軍 第126航空軍
U04;大東亜空軍 第127航空軍
U04;大東亜空軍 第128航空軍
U04;大東亜空軍 第129航空軍
U04;大東亜空軍 第130航空軍
U04;大東亜空軍 第131航空軍
U04;大東亜空軍 第132航空軍
U04;大東亜空軍 第133航空軍
U04;大東亜空軍 第134航空軍
U04;大東亜空軍 第135航空軍
U04;大東亜空軍 第136航空軍
U04;大東亜空軍 第137航空軍
U04;大東亜空軍 第138航空軍
U04;大東亜空軍 第139航空軍
U04;大東亜空軍 第140航空軍
U04;大東亜空軍 第141航空軍
U04;大東亜空軍 第142航空軍
U04;大東亜空軍 第143航空軍
U04;大東亜空軍 第144航空軍
U04;大東亜空軍 第145航空軍
U04;大東亜空軍 第146航空軍
U04;大東亜空軍 第147航空軍
U04;大東亜空軍 第148航空軍
U04;大東亜空軍 第149航空軍
U04;大東亜空軍 第150航空軍
U04;大東亜空軍 第151航空軍
U04;大東亜空軍 第152航空軍
U04;大東亜空軍 第153航空軍
U04;大東亜空軍 第154航空軍
U04;大東亜空軍 第155航空軍
U04;大東亜空軍 第156航空軍
U04;大東亜空軍 第157航空軍
U04;大東亜空軍 第158航空軍
U04;大東亜空軍 第159航空軍
U04;大東亜空軍 第160航空軍
U04;大東亜空軍 第161航空軍
U04;大東亜空軍 第162航空軍
U04;大東亜空軍 第163航空軍
U04;大東亜空軍 第164航空軍
U04;大東亜空軍 第165航空軍
U04;大東亜空軍 第166航空軍
U04;大東亜空軍 第167航空軍
U04;大東亜空軍 第168航空軍
U04;大東亜空軍 第169航空軍
U04;大東亜空軍 第170航空軍
U04;大東亜空軍 第171航空軍
U04;大東亜空軍 第172航空軍
U04;大東亜空軍 第173航空軍
U04;大東亜空軍 第174航空軍
U04;大東亜空軍 第175航空軍
U04;大東亜空軍 第176航空軍
U04;大東亜空軍 第177航空軍
U04;大東亜空軍 第178航空軍
U04;大東亜空軍 第179航空軍
U04;大東亜空軍 第180航空軍
U04;大東亜空軍 第181航空軍
U04;大東亜空軍 第182航空軍
U04;大東亜空軍 第183航空軍
U04;大東亜空軍 第184航空軍
U04;大東亜空軍 第185航空軍
U04;大東亜空軍 第186航空軍
U04;大東亜空軍 第187航空軍
U04;大東亜空軍 第188航空軍
U04;大東亜空軍 第189航空軍
U04;大東亜空軍 第190航空軍
U04;大東亜空軍 第191航空軍
U04;大東亜空軍 第192航空軍
U04;大東亜空軍 第193航空軍
U04;大東亜空軍 第194航空軍
U04;大東亜空軍 第195航空軍
U04;大東亜空軍 第196航空軍
U04;大東亜空軍 第197航空軍
U04;大東亜空軍 第198航空軍
U04;大東亜空軍 第199航空軍
U04;大東亜空軍 第200航空軍
U04;大東亜空軍 第201航空軍
U04;大東亜空軍 第202航空軍
U04;大東亜空軍 第203航空軍
U04;大東亜空軍 第204航空軍
U04;大東亜空軍 第205航空軍
U04;大東亜空軍 第206航空軍
U04;大東亜空軍 第207航空軍
U04;大東亜空軍 第208航空軍
U04;大東亜空軍 第209航空軍
U04;大東亜空軍 第210航空軍
U04;大東亜空軍 第211航空軍
U04;大東亜空軍 第212航空軍
U04;大東亜空軍 第213航空軍
U04;大東亜空軍 第214航空軍
U04;大東亜空軍 第215航空軍
U04;大東亜空軍 第216航空軍
U04;大東亜空軍 第217航空軍
U04;大東亜空軍 第218航空軍
U04;大東亜空軍 第219航空軍
U04;大東亜空軍 第220航空軍
U04;大東亜空軍 第221航空軍
U04;大東亜空軍 第222航空軍
U04;大東亜空軍 第223航空軍
U04;大東亜空軍 第224航空軍
U04;大東亜空軍 第225航空軍
U04;大東亜空軍 第226航空軍
U04;大東亜空軍 第227航空軍
U04;大東亜空軍 第228航空軍
U04;大東亜空軍 第229航空軍
U04;大東亜空軍 第230航空軍
U04;大東亜空軍 第231航空軍
U04;大東亜空軍 第232航空軍
U04;大東亜空軍 第233航空軍
U04;大東亜空軍 第234航空軍
U04;大東亜空軍 第235航空軍
U04;大東亜空軍 第236航空軍
U04;大東亜空軍 第237航空軍
U04;大東亜空軍 第238航空軍
U04;大東亜空軍 第239航空軍
U04;大東亜空軍 第240航空軍
U04;大東亜空軍 第241航空軍
U04;大東亜空軍 第242航空軍
U04;大東亜空軍 第243航空軍
U04;大東亜空軍 第244航空軍
U04;大東亜空軍 第245航空軍
U04;大東亜空軍 第246航空軍
U04;大東亜空軍 第247航空軍
U04;大東亜空軍 第248航空軍
U04;大東亜空軍 第249航空軍
U04;大東亜空軍 第250航空軍
U04;大東亜空軍 第251航空軍
U04;大東亜空軍 第252航空軍
U04;大東亜空軍 第253航空軍
U04;大東亜空軍 第254航空軍
U04;大東亜空軍 第255航空軍
U04;大東亜空軍 第256航空軍
U04;大東亜空軍 第257航空軍
U04;大東亜空軍 第258航空軍
U04;大東亜空軍 第259航空軍
U04;大東亜空軍 第260航空軍
U04;大東亜空軍 第261航空軍
U04;大東亜空軍 第262航空軍
U04;大東亜空軍 第263航空軍
U04;大東亜空軍 第264航空軍
U04;大東亜空軍 第265航空軍
U04;大東亜空軍 第266航空軍
U04;大東亜空軍 第267航空軍
U04;大東亜空軍 第268航空軍
U04;大東亜空軍 第269航空軍
U04;大東亜空軍 第270航空軍
U04;大東亜空軍 第271航空軍
U04;大東亜空軍 第272航空軍
U04;大東亜空軍 第273航空軍
U04;大東亜空軍 第274航空軍
U04;大東亜空軍 第275航空軍
U04;大東亜空軍 第276航空軍
U04;大東亜空軍 第277航空軍
U04;大東亜空軍 第278航空軍
U04;大東亜空軍 第279航空軍
U04;大東亜空軍 第280航空軍
U04;大東亜空軍 第281航空軍
U04;大東亜空軍 第282航空軍
U04;大東亜空軍 第283航空軍
U04;大東亜空軍 第284航空軍
U04;大東亜空軍 第285航空軍
U04;大東亜空軍 第286航空軍
U04;大東亜空軍 第287航空軍
U04;大東亜空軍 第288航空軍
U04;大東亜空軍 第289航空軍
U04;大東亜空軍 第290航空軍
U04;大東亜空軍 第291航空軍
U04;大東亜空軍 第292航空軍
U04;大東亜空軍 第293航空軍
U04;大東亜空軍 第294航空軍
U04;大東亜空軍 第295航空軍
U04;大東亜空軍 第296航空軍
U04;大東亜空軍 第297航空軍
U04;大東亜空軍 第298航空軍
U04;大東亜空軍 第299航空軍
U04;大東亜空軍 第300航空軍
U05;統一中国空軍 第1航空軍
U05;統一中国空軍 第2航空軍
U05;統一中国空軍 第3航空軍
U05;統一中国空軍 第4航空軍
U05;統一中国空軍 第5航空軍
U05;統一中国空軍 第6航空軍
U05;統一中国空軍 第7航空軍
U05;統一中国空軍 第8航空軍
U05;統一中国空軍 第9航空軍
U05;統一中国空軍 第10航空軍
U05;統一中国空軍 第11航空軍
U05;統一中国空軍 第12航空軍
U05;統一中国空軍 第13航空軍
U05;統一中国空軍 第14航空軍
U05;統一中国空軍 第15航空軍
U05;統一中国空軍 第21航空軍
U05;統一中国空軍 第22航空軍
U05;統一中国空軍 第23航空軍
U05;統一中国空軍 第24航空軍
U05;統一中国空軍 第25航空軍
U05;統一中国空軍 第26航空軍
U05;統一中国空軍 第27航空軍
U05;統一中国空軍 第28航空軍
U05;統一中国空軍 第29航空軍
U05;統一中国空軍 第30航空軍
U05;統一中国空軍 第31航空軍
U05;統一中国空軍 第32航空軍
U05;統一中国空軍 第33航空軍
U05;統一中国空軍 第34航空軍
U05;統一中国空軍 第35航空軍
U05;統一中国空軍 第36航空軍
U05;統一中国空軍 第37航空軍
U05;統一中国空軍 第38航空軍
U05;統一中国空軍 第39航空軍
U05;統一中国空軍 第40航空軍
U05;統一中国空軍 第41航空軍
U05;統一中国空軍 第42航空軍
U05;統一中国空軍 第43航空軍
U05;統一中国空軍 第44航空軍
U05;統一中国空軍 第45航空軍
U05;統一中国空軍 第46航空軍
U05;統一中国空軍 第47航空軍
U05;統一中国空軍 第48航空軍
U05;統一中国空軍 第49航空軍
U05;統一中国空軍 第50航空軍
U05;統一中国空軍 第51航空軍
U05;統一中国空軍 第52航空軍
U05;統一中国空軍 第53航空軍
U05;統一中国空軍 第54航空軍
U05;統一中国空軍 第55航空軍
U05;統一中国空軍 第56航空軍
U05;統一中国空軍 第57航空軍
U05;統一中国空軍 第58航空軍
U05;統一中国空軍 第59航空軍
U05;統一中国空軍 第60航空軍
U05;統一中国空軍 第61航空軍
U05;統一中国空軍 第62航空軍
U05;統一中国空軍 第63航空軍
U05;統一中国空軍 第64航空軍
U05;統一中国空軍 第65航空軍
U05;統一中国空軍 第66航空軍
U05;統一中国空軍 第67航空軍
U05;統一中国空軍 第68航空軍
U05;統一中国空軍 第69航空軍
U05;統一中国空軍 第70航空軍
U05;統一中国空軍 第71航空軍
U05;統一中国空軍 第72航空軍
U05;統一中国空軍 第73航空軍
U05;統一中国空軍 第74航空軍
U05;統一中国空軍 第75航空軍
U05;統一中国空軍 第76航空軍
U05;統一中国空軍 第77航空軍
U05;統一中国空軍 第78航空軍
U05;統一中国空軍 第79航空軍
U05;統一中国空軍 第80航空軍
U05;統一中国空軍 第81航空軍
U05;統一中国空軍 第82航空軍
U05;統一中国空軍 第83航空軍
U05;統一中国空軍 第84航空軍
U05;統一中国空軍 第85航空軍
U05;統一中国空軍 第86航空軍
U05;統一中国空軍 第87航空軍
U05;統一中国空軍 第88航空軍
U05;統一中国空軍 第89航空軍
U05;統一中国空軍 第90航空軍
U05;統一中国空軍 第91航空軍
U05;統一中国空軍 第92航空軍
U05;統一中国空軍 第93航空軍
U05;統一中国空軍 第94航空軍
U05;統一中国空軍 第95航空軍
U05;統一中国空軍 第96航空軍
U05;統一中国空軍 第97航空軍
U05;統一中国空軍 第98航空軍
U05;統一中国空軍 第99航空軍
U05;統一中国空軍 第100航空軍
U05;統一中国空軍 第101航空軍
U05;統一中国空軍 第102航空軍
U05;統一中国空軍 第103航空軍
U05;統一中国空軍 第104航空軍
U05;統一中国空軍 第105航空軍
U05;統一中国空軍 第106航空軍
U05;統一中国空軍 第107航空軍
U05;統一中国空軍 第108航空軍
U05;統一中国空軍 第109航空軍
U05;統一中国空軍 第110航空軍
U05;統一中国空軍 第111航空軍
U05;統一中国空軍 第112航空軍
U05;統一中国空軍 第113航空軍
U05;統一中国空軍 第114航空軍
U05;統一中国空軍 第115航空軍
U05;統一中国空軍 第116航空軍
U05;統一中国空軍 第117航空軍
U05;統一中国空軍 第118航空軍
U05;統一中国空軍 第119航空軍
U05;統一中国空軍 第120航空軍
U05;統一中国空軍 第121航空軍
U05;統一中国空軍 第122航空軍
U05;統一中国空軍 第123航空軍
U05;統一中国空軍 第124航空軍
U05;統一中国空軍 第125航空軍
U05;統一中国空軍 第126航空軍
U05;統一中国空軍 第127航空軍
U05;統一中国空軍 第128航空軍
U05;統一中国空軍 第129航空軍
U05;統一中国空軍 第130航空軍
U05;統一中国空軍 第131航空軍
U05;統一中国空軍 第132航空軍
U05;統一中国空軍 第133航空軍
U05;統一中国空軍 第134航空軍
U05;統一中国空軍 第135航空軍
U05;統一中国空軍 第136航空軍
U05;統一中国空軍 第137航空軍
U05;統一中国空軍 第138航空軍
U05;統一中国空軍 第139航空軍
U05;統一中国空軍 第140航空軍
U05;統一中国空軍 第141航空軍
U05;統一中国空軍 第142航空軍
U05;統一中国空軍 第143航空軍
U05;統一中国空軍 第144航空軍
U05;統一中国空軍 第145航空軍
U05;統一中国空軍 第146航空軍
U05;統一中国空軍 第147航空軍
U05;統一中国空軍 第148航空軍
U05;統一中国空軍 第149航空軍
U05;統一中国空軍 第150航空軍
U05;統一中国空軍 第151航空軍
U05;統一中国空軍 第152航空軍
U05;統一中国空軍 第153航空軍
U05;統一中国空軍 第154航空軍
U05;統一中国空軍 第155航空軍
U05;統一中国空軍 第156航空軍
U05;統一中国空軍 第157航空軍
U05;統一中国空軍 第158航空軍
U05;統一中国空軍 第159航空軍
U05;統一中国空軍 第160航空軍
U05;統一中国空軍 第161航空軍
U05;統一中国空軍 第162航空軍
U05;統一中国空軍 第163航空軍
U05;統一中国空軍 第164航空軍
U05;統一中国空軍 第165航空軍
U05;統一中国空軍 第166航空軍
U05;統一中国空軍 第167航空軍
U05;統一中国空軍 第168航空軍
U05;統一中国空軍 第169航空軍
U05;統一中国空軍 第170航空軍
U05;統一中国空軍 第171航空軍
U05;統一中国空軍 第172航空軍
U05;統一中国空軍 第173航空軍
U05;統一中国空軍 第174航空軍
U05;統一中国空軍 第175航空軍
U05;統一中国空軍 第176航空軍
U05;統一中国空軍 第177航空軍
U05;統一中国空軍 第178航空軍
U05;統一中国空軍 第179航空軍
U05;統一中国空軍 第180航空軍
U05;統一中国空軍 第181航空軍
U05;統一中国空軍 第182航空軍
U05;統一中国空軍 第183航空軍
U05;統一中国空軍 第184航空軍
U05;統一中国空軍 第185航空軍
U05;統一中国空軍 第186航空軍
U05;統一中国空軍 第187航空軍
U05;統一中国空軍 第188航空軍
U05;統一中国空軍 第189航空軍
U05;統一中国空軍 第190航空軍
U05;統一中国空軍 第191航空軍
U05;統一中国空軍 第192航空軍
U05;統一中国空軍 第193航空軍
U05;統一中国空軍 第194航空軍
U05;統一中国空軍 第195航空軍
U05;統一中国空軍 第196航空軍
U05;統一中国空軍 第197航空軍
U05;統一中国空軍 第198航空軍
U05;統一中国空軍 第199航空軍
U05;統一中国空軍 第200航空軍
U05;統一中国空軍 第201航空軍
U05;統一中国空軍 第202航空軍
U05;統一中国空軍 第203航空軍
U05;統一中国空軍 第204航空軍
U05;統一中国空軍 第205航空軍
U05;統一中国空軍 第206航空軍
U05;統一中国空軍 第207航空軍
U05;統一中国空軍 第208航空軍
U05;統一中国空軍 第209航空軍
U05;統一中国空軍 第210航空軍
U05;統一中国空軍 第211航空軍
U05;統一中国空軍 第212航空軍
U05;統一中国空軍 第213航空軍
U05;統一中国空軍 第214航空軍
U05;統一中国空軍 第215航空軍
U05;統一中国空軍 第216航空軍
U05;統一中国空軍 第217航空軍
U05;統一中国空軍 第218航空軍
U05;統一中国空軍 第219航空軍
U05;統一中国空軍 第220航空軍
U05;統一中国空軍 第221航空軍
U05;統一中国空軍 第222航空軍
U05;統一中国空軍 第223航空軍
U05;統一中国空軍 第224航空軍
U05;統一中国空軍 第225航空軍
U05;統一中国空軍 第226航空軍
U05;統一中国空軍 第227航空軍
U05;統一中国空軍 第228航空軍
U05;統一中国空軍 第229航空軍
U05;統一中国空軍 第230航空軍
U05;統一中国空軍 第231航空軍
U05;統一中国空軍 第232航空軍
U05;統一中国空軍 第233航空軍
U05;統一中国空軍 第234航空軍
U05;統一中国空軍 第235航空軍
U05;統一中国空軍 第236航空軍
U05;統一中国空軍 第237航空軍
U05;統一中国空軍 第238航空軍
U05;統一中国空軍 第239航空軍
U05;統一中国空軍 第240航空軍
U05;統一中国空軍 第241航空軍
U05;統一中国空軍 第242航空軍
U05;統一中国空軍 第243航空軍
U05;統一中国空軍 第244航空軍
U05;統一中国空軍 第245航空軍
U05;統一中国空軍 第246航空軍
U05;統一中国空軍 第247航空軍
U05;統一中国空軍 第248航空軍
U05;統一中国空軍 第249航空軍
U05;統一中国空軍 第250航空軍
U05;統一中国空軍 第251航空軍
U05;統一中国空軍 第252航空軍
U05;統一中国空軍 第253航空軍
U05;統一中国空軍 第254航空軍
U05;統一中国空軍 第255航空軍
U05;統一中国空軍 第256航空軍
U05;統一中国空軍 第257航空軍
U05;統一中国空軍 第258航空軍
U05;統一中国空軍 第259航空軍
U05;統一中国空軍 第260航空軍
U05;統一中国空軍 第261航空軍
U05;統一中国空軍 第262航空軍
U05;統一中国空軍 第263航空軍
U05;統一中国空軍 第264航空軍
U05;統一中国空軍 第265航空軍
U05;統一中国空軍 第266航空軍
U05;統一中国空軍 第267航空軍
U05;統一中国空軍 第268航空軍
U05;統一中国空軍 第269航空軍
U05;統一中国空軍 第270航空軍
U05;統一中国空軍 第271航空軍
U05;統一中国空軍 第272航空軍
U05;統一中国空軍 第273航空軍
U05;統一中国空軍 第274航空軍
U05;統一中国空軍 第275航空軍
U05;統一中国空軍 第276航空軍
U05;統一中国空軍 第277航空軍
U05;統一中国空軍 第278航空軍
U05;統一中国空軍 第279航空軍
U05;統一中国空軍 第280航空軍
U05;統一中国空軍 第281航空軍
U05;統一中国空軍 第282航空軍
U05;統一中国空軍 第283航空軍
U05;統一中国空軍 第284航空軍
U05;統一中国空軍 第285航空軍
U05;統一中国空軍 第286航空軍
U05;統一中国空軍 第287航空軍
U05;統一中国空軍 第288航空軍
U05;統一中国空軍 第289航空軍
U05;統一中国空軍 第290航空軍
U05;統一中国空軍 第291航空軍
U05;統一中国空軍 第292航空軍
U05;統一中国空軍 第293航空軍
U05;統一中国空軍 第294航空軍
U05;統一中国空軍 第295航空軍
U05;統一中国空軍 第296航空軍
U05;統一中国空軍 第297航空軍
U05;統一中国空軍 第298航空軍
U05;統一中国空軍 第299航空軍
U05;統一中国空軍 第300航空軍
U06;国連統合空軍 第1航空軍
U06;国連統合空軍 第2航空軍
U06;国連統合空軍 第3航空軍
U06;国連統合空軍 第4航空軍
U06;国連統合空軍 第5航空軍
U06;国連統合空軍 第6航空軍
U06;国連統合空軍 第7航空軍
U06;国連統合空軍 第8航空軍
U06;国連統合空軍 第9航空軍
U06;国連統合空軍 第10航空軍
U06;国連統合空軍 第11航空軍
U06;国連統合空軍 第12航空軍
U06;国連統合空軍 第13航空軍
U06;国連統合空軍 第14航空軍
U06;国連統合空軍 第15航空軍
U06;国連統合空軍 第21航空軍
U06;国連統合空軍 第22航空軍
U06;国連統合空軍 第23航空軍
U06;国連統合空軍 第24航空軍
U06;国連統合空軍 第25航空軍
U06;国連統合空軍 第26航空軍
U06;国連統合空軍 第27航空軍
U06;国連統合空軍 第28航空軍
U06;国連統合空軍 第29航空軍
U06;国連統合空軍 第30航空軍
U06;国連統合空軍 第31航空軍
U06;国連統合空軍 第32航空軍
U06;国連統合空軍 第33航空軍
U06;国連統合空軍 第34航空軍
U06;国連統合空軍 第35航空軍
U06;国連統合空軍 第36航空軍
U06;国連統合空軍 第37航空軍
U06;国連統合空軍 第38航空軍
U06;国連統合空軍 第39航空軍
U06;国連統合空軍 第40航空軍
U06;国連統合空軍 第41航空軍
U06;国連統合空軍 第42航空軍
U06;国連統合空軍 第43航空軍
U06;国連統合空軍 第44航空軍
U06;国連統合空軍 第45航空軍
U06;国連統合空軍 第46航空軍
U06;国連統合空軍 第47航空軍
U06;国連統合空軍 第48航空軍
U06;国連統合空軍 第49航空軍
U06;国連統合空軍 第50航空軍
U06;国連統合空軍 第51航空軍
U06;国連統合空軍 第52航空軍
U06;国連統合空軍 第53航空軍
U06;国連統合空軍 第54航空軍
U06;国連統合空軍 第55航空軍
U06;国連統合空軍 第56航空軍
U06;国連統合空軍 第57航空軍
U06;国連統合空軍 第58航空軍
U06;国連統合空軍 第59航空軍
U06;国連統合空軍 第60航空軍
U06;国連統合空軍 第61航空軍
U06;国連統合空軍 第62航空軍
U06;国連統合空軍 第63航空軍
U06;国連統合空軍 第64航空軍
U06;国連統合空軍 第65航空軍
U06;国連統合空軍 第66航空軍
U06;国連統合空軍 第67航空軍
U06;国連統合空軍 第68航空軍
U06;国連統合空軍 第69航空軍
U06;国連統合空軍 第70航空軍
U06;国連統合空軍 第71航空軍
U06;国連統合空軍 第72航空軍
U06;国連統合空軍 第73航空軍
U06;国連統合空軍 第74航空軍
U06;国連統合空軍 第75航空軍
U06;国連統合空軍 第76航空軍
U06;国連統合空軍 第77航空軍
U06;国連統合空軍 第78航空軍
U06;国連統合空軍 第79航空軍
U06;国連統合空軍 第80航空軍
U06;国連統合空軍 第81航空軍
U06;国連統合空軍 第82航空軍
U06;国連統合空軍 第83航空軍
U06;国連統合空軍 第84航空軍
U06;国連統合空軍 第85航空軍
U06;国連統合空軍 第86航空軍
U06;国連統合空軍 第87航空軍
U06;国連統合空軍 第88航空軍
U06;国連統合空軍 第89航空軍
U06;国連統合空軍 第90航空軍
U06;国連統合空軍 第91航空軍
U06;国連統合空軍 第92航空軍
U06;国連統合空軍 第93航空軍
U06;国連統合空軍 第94航空軍
U06;国連統合空軍 第95航空軍
U06;国連統合空軍 第96航空軍
U06;国連統合空軍 第97航空軍
U06;国連統合空軍 第98航空軍
U06;国連統合空軍 第99航空軍
U06;国連統合空軍 第100航空軍
U06;国連統合空軍 第101航空軍
U06;国連統合空軍 第102航空軍
U06;国連統合空軍 第103航空軍
U06;国連統合空軍 第104航空軍
U06;国連統合空軍 第105航空軍
U06;国連統合空軍 第106航空軍
U06;国連統合空軍 第107航空軍
U06;国連統合空軍 第108航空軍
U06;国連統合空軍 第109航空軍
U06;国連統合空軍 第110航空軍
U06;国連統合空軍 第111航空軍
U06;国連統合空軍 第112航空軍
U06;国連統合空軍 第113航空軍
U06;国連統合空軍 第114航空軍
U06;国連統合空軍 第115航空軍
U06;国連統合空軍 第116航空軍
U06;国連統合空軍 第117航空軍
U06;国連統合空軍 第118航空軍
U06;国連統合空軍 第119航空軍
U06;国連統合空軍 第120航空軍
U06;国連統合空軍 第121航空軍
U06;国連統合空軍 第122航空軍
U06;国連統合空軍 第123航空軍
U06;国連統合空軍 第124航空軍
U06;国連統合空軍 第125航空軍
U06;国連統合空軍 第126航空軍
U06;国連統合空軍 第127航空軍
U06;国連統合空軍 第128航空軍
U06;国連統合空軍 第129航空軍
U06;国連統合空軍 第130航空軍
U06;国連統合空軍 第131航空軍
U06;国連統合空軍 第132航空軍
U06;国連統合空軍 第133航空軍
U06;国連統合空軍 第134航空軍
U06;国連統合空軍 第135航空軍
U06;国連統合空軍 第136航空軍
U06;国連統合空軍 第137航空軍
U06;国連統合空軍 第138航空軍
U06;国連統合空軍 第139航空軍
U06;国連統合空軍 第140航空軍
U06;国連統合空軍 第141航空軍
U06;国連統合空軍 第142航空軍
U06;国連統合空軍 第143航空軍
U06;国連統合空軍 第144航空軍
U06;国連統合空軍 第145航空軍
U06;国連統合空軍 第146航空軍
U06;国連統合空軍 第147航空軍
U06;国連統合空軍 第148航空軍
U06;国連統合空軍 第149航空軍
U06;国連統合空軍 第150航空軍
U06;国連統合空軍 第151航空軍
U06;国連統合空軍 第152航空軍
U06;国連統合空軍 第153航空軍
U06;国連統合空軍 第154航空軍
U06;国連統合空軍 第155航空軍
U06;国連統合空軍 第156航空軍
U06;国連統合空軍 第157航空軍
U06;国連統合空軍 第158航空軍
U06;国連統合空軍 第159航空軍
U06;国連統合空軍 第160航空軍
U06;国連統合空軍 第161航空軍
U06;国連統合空軍 第162航空軍
U06;国連統合空軍 第163航空軍
U06;国連統合空軍 第164航空軍
U06;国連統合空軍 第165航空軍
U06;国連統合空軍 第166航空軍
U06;国連統合空軍 第167航空軍
U06;国連統合空軍 第168航空軍
U06;国連統合空軍 第169航空軍
U06;国連統合空軍 第170航空軍
U06;国連統合空軍 第171航空軍
U06;国連統合空軍 第172航空軍
U06;国連統合空軍 第173航空軍
U06;国連統合空軍 第174航空軍
U06;国連統合空軍 第175航空軍
U06;国連統合空軍 第176航空軍
U06;国連統合空軍 第177航空軍
U06;国連統合空軍 第178航空軍
U06;国連統合空軍 第179航空軍
U06;国連統合空軍 第180航空軍
U06;国連統合空軍 第181航空軍
U06;国連統合空軍 第182航空軍
U06;国連統合空軍 第183航空軍
U06;国連統合空軍 第184航空軍
U06;国連統合空軍 第185航空軍
U06;国連統合空軍 第186航空軍
U06;国連統合空軍 第187航空軍
U06;国連統合空軍 第188航空軍
U06;国連統合空軍 第189航空軍
U06;国連統合空軍 第190航空軍
U06;国連統合空軍 第191航空軍
U06;国連統合空軍 第192航空軍
U06;国連統合空軍 第193航空軍
U06;国連統合空軍 第194航空軍
U06;国連統合空軍 第195航空軍
U06;国連統合空軍 第196航空軍
U06;国連統合空軍 第197航空軍
U06;国連統合空軍 第198航空軍
U06;国連統合空軍 第199航空軍
U06;国連統合空軍 第200航空軍
U06;国連統合空軍 第201航空軍
U06;国連統合空軍 第202航空軍
U06;国連統合空軍 第203航空軍
U06;国連統合空軍 第204航空軍
U06;国連統合空軍 第205航空軍
U06;国連統合空軍 第206航空軍
U06;国連統合空軍 第207航空軍
U06;国連統合空軍 第208航空軍
U06;国連統合空軍 第209航空軍
U06;国連統合空軍 第210航空軍
U06;国連統合空軍 第211航空軍
U06;国連統合空軍 第212航空軍
U06;国連統合空軍 第213航空軍
U06;国連統合空軍 第214航空軍
U06;国連統合空軍 第215航空軍
U06;国連統合空軍 第216航空軍
U06;国連統合空軍 第217航空軍
U06;国連統合空軍 第218航空軍
U06;国連統合空軍 第219航空軍
U06;国連統合空軍 第220航空軍
U06;国連統合空軍 第221航空軍
U06;国連統合空軍 第222航空軍
U06;国連統合空軍 第223航空軍
U06;国連統合空軍 第224航空軍
U06;国連統合空軍 第225航空軍
U06;国連統合空軍 第226航空軍
U06;国連統合空軍 第227航空軍
U06;国連統合空軍 第228航空軍
U06;国連統合空軍 第229航空軍
U06;国連統合空軍 第230航空軍
U06;国連統合空軍 第231航空軍
U06;国連統合空軍 第232航空軍
U06;国連統合空軍 第233航空軍
U06;国連統合空軍 第234航空軍
U06;国連統合空軍 第235航空軍
U06;国連統合空軍 第236航空軍
U06;国連統合空軍 第237航空軍
U06;国連統合空軍 第238航空軍
U06;国連統合空軍 第239航空軍
U06;国連統合空軍 第240航空軍
U06;国連統合空軍 第241航空軍
U06;国連統合空軍 第242航空軍
U06;国連統合空軍 第243航空軍
U06;国連統合空軍 第244航空軍
U06;国連統合空軍 第245航空軍
U06;国連統合空軍 第246航空軍
U06;国連統合空軍 第247航空軍
U06;国連統合空軍 第248航空軍
U06;国連統合空軍 第249航空軍
U06;国連統合空軍 第250航空軍
U06;国連統合空軍 第251航空軍
U06;国連統合空軍 第252航空軍
U06;国連統合空軍 第253航空軍
U06;国連統合空軍 第254航空軍
U06;国連統合空軍 第255航空軍
U06;国連統合空軍 第256航空軍
U06;国連統合空軍 第257航空軍
U06;国連統合空軍 第258航空軍
U06;国連統合空軍 第259航空軍
U06;国連統合空軍 第260航空軍
U06;国連統合空軍 第261航空軍
U06;国連統合空軍 第262航空軍
U06;国連統合空軍 第263航空軍
U06;国連統合空軍 第264航空軍
U06;国連統合空軍 第265航空軍
U06;国連統合空軍 第266航空軍
U06;国連統合空軍 第267航空軍
U06;国連統合空軍 第268航空軍
U06;国連統合空軍 第269航空軍
U06;国連統合空軍 第270航空軍
U06;国連統合空軍 第271航空軍
U06;国連統合空軍 第272航空軍
U06;国連統合空軍 第273航空軍
U06;国連統合空軍 第274航空軍
U06;国連統合空軍 第275航空軍
U06;国連統合空軍 第276航空軍
U06;国連統合空軍 第277航空軍
U06;国連統合空軍 第278航空軍
U06;国連統合空軍 第279航空軍
U06;国連統合空軍 第280航空軍
U06;国連統合空軍 第281航空軍
U06;国連統合空軍 第282航空軍
U06;国連統合空軍 第283航空軍
U06;国連統合空軍 第284航空軍
U06;国連統合空軍 第285航空軍
U06;国連統合空軍 第286航空軍
U06;国連統合空軍 第287航空軍
U06;国連統合空軍 第288航空軍
U06;国連統合空軍 第289航空軍
U06;国連統合空軍 第290航空軍
U06;国連統合空軍 第291航空軍
U06;国連統合空軍 第292航空軍
U06;国連統合空軍 第293航空軍
U06;国連統合空軍 第294航空軍
U06;国連統合空軍 第295航空軍
U06;国連統合空軍 第296航空軍
U06;国連統合空軍 第297航空軍
U06;国連統合空軍 第298航空軍
U06;国連統合空軍 第299航空軍
U06;国連統合空軍 第300航空軍
U08;南米連合空軍 第1航空軍
U08;南米連合空軍 第2航空軍
U08;南米連合空軍 第3航空軍
U08;南米連合空軍 第4航空軍
U08;南米連合空軍 第5航空軍
U08;南米連合空軍 第6航空軍
U08;南米連合空軍 第7航空軍
U08;南米連合空軍 第8航空軍
U08;南米連合空軍 第9航空軍
U08;南米連合空軍 第10航空軍
U08;南米連合空軍 第11航空軍
U08;南米連合空軍 第12航空軍
U08;南米連合空軍 第13航空軍
U08;南米連合空軍 第14航空軍
U08;南米連合空軍 第15航空軍
U08;南米連合空軍 第21航空軍
U08;南米連合空軍 第22航空軍
U08;南米連合空軍 第23航空軍
U08;南米連合空軍 第24航空軍
U08;南米連合空軍 第25航空軍
U08;南米連合空軍 第26航空軍
U08;南米連合空軍 第27航空軍
U08;南米連合空軍 第28航空軍
U08;南米連合空軍 第29航空軍
U08;南米連合空軍 第30航空軍
U08;南米連合空軍 第31航空軍
U08;南米連合空軍 第32航空軍
U08;南米連合空軍 第33航空軍
U08;南米連合空軍 第34航空軍
U08;南米連合空軍 第35航空軍
U08;南米連合空軍 第36航空軍
U08;南米連合空軍 第37航空軍
U08;南米連合空軍 第38航空軍
U08;南米連合空軍 第39航空軍
U08;南米連合空軍 第40航空軍
U08;南米連合空軍 第41航空軍
U08;南米連合空軍 第42航空軍
U08;南米連合空軍 第43航空軍
U08;南米連合空軍 第44航空軍
U08;南米連合空軍 第45航空軍
U08;南米連合空軍 第46航空軍
U08;南米連合空軍 第47航空軍
U08;南米連合空軍 第48航空軍
U08;南米連合空軍 第49航空軍
U08;南米連合空軍 第50航空軍
U08;南米連合空軍 第51航空軍
U08;南米連合空軍 第52航空軍
U08;南米連合空軍 第53航空軍
U08;南米連合空軍 第54航空軍
U08;南米連合空軍 第55航空軍
U08;南米連合空軍 第56航空軍
U08;南米連合空軍 第57航空軍
U08;南米連合空軍 第58航空軍
U08;南米連合空軍 第59航空軍
U08;南米連合空軍 第60航空軍
U08;南米連合空軍 第61航空軍
U08;南米連合空軍 第62航空軍
U08;南米連合空軍 第63航空軍
U08;南米連合空軍 第64航空軍
U08;南米連合空軍 第65航空軍
U08;南米連合空軍 第66航空軍
U08;南米連合空軍 第67航空軍
U08;南米連合空軍 第68航空軍
U08;南米連合空軍 第69航空軍
U08;南米連合空軍 第70航空軍
U08;南米連合空軍 第71航空軍
U08;南米連合空軍 第72航空軍
U08;南米連合空軍 第73航空軍
U08;南米連合空軍 第74航空軍
U08;南米連合空軍 第75航空軍
U08;南米連合空軍 第76航空軍
U08;南米連合空軍 第77航空軍
U08;南米連合空軍 第78航空軍
U08;南米連合空軍 第79航空軍
U08;南米連合空軍 第80航空軍
U08;南米連合空軍 第81航空軍
U08;南米連合空軍 第82航空軍
U08;南米連合空軍 第83航空軍
U08;南米連合空軍 第84航空軍
U08;南米連合空軍 第85航空軍
U08;南米連合空軍 第86航空軍
U08;南米連合空軍 第87航空軍
U08;南米連合空軍 第88航空軍
U08;南米連合空軍 第89航空軍
U08;南米連合空軍 第90航空軍
U08;南米連合空軍 第91航空軍
U08;南米連合空軍 第92航空軍
U08;南米連合空軍 第93航空軍
U08;南米連合空軍 第94航空軍
U08;南米連合空軍 第95航空軍
U08;南米連合空軍 第96航空軍
U08;南米連合空軍 第97航空軍
U08;南米連合空軍 第98航空軍
U08;南米連合空軍 第99航空軍
U08;南米連合空軍 第100航空軍
U08;南米連合空軍 第101航空軍
U08;南米連合空軍 第102航空軍
U08;南米連合空軍 第103航空軍
U08;南米連合空軍 第104航空軍
U08;南米連合空軍 第105航空軍
U08;南米連合空軍 第106航空軍
U08;南米連合空軍 第107航空軍
U08;南米連合空軍 第108航空軍
U08;南米連合空軍 第109航空軍
U08;南米連合空軍 第110航空軍
U08;南米連合空軍 第111航空軍
U08;南米連合空軍 第112航空軍
U08;南米連合空軍 第113航空軍
U08;南米連合空軍 第114航空軍
U08;南米連合空軍 第115航空軍
U08;南米連合空軍 第116航空軍
U08;南米連合空軍 第117航空軍
U08;南米連合空軍 第118航空軍
U08;南米連合空軍 第119航空軍
U08;南米連合空軍 第120航空軍
U08;南米連合空軍 第121航空軍
U08;南米連合空軍 第122航空軍
U08;南米連合空軍 第123航空軍
U08;南米連合空軍 第124航空軍
U08;南米連合空軍 第125航空軍
U08;南米連合空軍 第126航空軍
U08;南米連合空軍 第127航空軍
U08;南米連合空軍 第128航空軍
U08;南米連合空軍 第129航空軍
U08;南米連合空軍 第130航空軍
U08;南米連合空軍 第131航空軍
U08;南米連合空軍 第132航空軍
U08;南米連合空軍 第133航空軍
U08;南米連合空軍 第134航空軍
U08;南米連合空軍 第135航空軍
U08;南米連合空軍 第136航空軍
U08;南米連合空軍 第137航空軍
U08;南米連合空軍 第138航空軍
U08;南米連合空軍 第139航空軍
U08;南米連合空軍 第140航空軍
U08;南米連合空軍 第141航空軍
U08;南米連合空軍 第142航空軍
U08;南米連合空軍 第143航空軍
U08;南米連合空軍 第144航空軍
U08;南米連合空軍 第145航空軍
U08;南米連合空軍 第146航空軍
U08;南米連合空軍 第147航空軍
U08;南米連合空軍 第148航空軍
U08;南米連合空軍 第149航空軍
U08;南米連合空軍 第150航空軍
U08;南米連合空軍 第151航空軍
U08;南米連合空軍 第152航空軍
U08;南米連合空軍 第153航空軍
U08;南米連合空軍 第154航空軍
U08;南米連合空軍 第155航空軍
U08;南米連合空軍 第156航空軍
U08;南米連合空軍 第157航空軍
U08;南米連合空軍 第158航空軍
U08;南米連合空軍 第159航空軍
U08;南米連合空軍 第160航空軍
U08;南米連合空軍 第161航空軍
U08;南米連合空軍 第162航空軍
U08;南米連合空軍 第163航空軍
U08;南米連合空軍 第164航空軍
U08;南米連合空軍 第165航空軍
U08;南米連合空軍 第166航空軍
U08;南米連合空軍 第167航空軍
U08;南米連合空軍 第168航空軍
U08;南米連合空軍 第169航空軍
U08;南米連合空軍 第170航空軍
U08;南米連合空軍 第171航空軍
U08;南米連合空軍 第172航空軍
U08;南米連合空軍 第173航空軍
U08;南米連合空軍 第174航空軍
U08;南米連合空軍 第175航空軍
U08;南米連合空軍 第176航空軍
U08;南米連合空軍 第177航空軍
U08;南米連合空軍 第178航空軍
U08;南米連合空軍 第179航空軍
U08;南米連合空軍 第180航空軍
U08;南米連合空軍 第181航空軍
U08;南米連合空軍 第182航空軍
U08;南米連合空軍 第183航空軍
U08;南米連合空軍 第184航空軍
U08;南米連合空軍 第185航空軍
U08;南米連合空軍 第186航空軍
U08;南米連合空軍 第187航空軍
U08;南米連合空軍 第188航空軍
U08;南米連合空軍 第189航空軍
U08;南米連合空軍 第190航空軍
U08;南米連合空軍 第191航空軍
U08;南米連合空軍 第192航空軍
U08;南米連合空軍 第193航空軍
U08;南米連合空軍 第194航空軍
U08;南米連合空軍 第195航空軍
U08;南米連合空軍 第196航空軍
U08;南米連合空軍 第197航空軍
U08;南米連合空軍 第198航空軍
U08;南米連合空軍 第199航空軍
U08;南米連合空軍 第200航空軍
U08;南米連合空軍 第201航空軍
U08;南米連合空軍 第202航空軍
U08;南米連合空軍 第203航空軍
U08;南米連合空軍 第204航空軍
U08;南米連合空軍 第205航空軍
U08;南米連合空軍 第206航空軍
U08;南米連合空軍 第207航空軍
U08;南米連合空軍 第208航空軍
U08;南米連合空軍 第209航空軍
U08;南米連合空軍 第210航空軍
U08;南米連合空軍 第211航空軍
U08;南米連合空軍 第212航空軍
U08;南米連合空軍 第213航空軍
U08;南米連合空軍 第214航空軍
U08;南米連合空軍 第215航空軍
U08;南米連合空軍 第216航空軍
U08;南米連合空軍 第217航空軍
U08;南米連合空軍 第218航空軍
U08;南米連合空軍 第219航空軍
U08;南米連合空軍 第220航空軍
U08;南米連合空軍 第221航空軍
U08;南米連合空軍 第222航空軍
U08;南米連合空軍 第223航空軍
U08;南米連合空軍 第224航空軍
U08;南米連合空軍 第225航空軍
U08;南米連合空軍 第226航空軍
U08;南米連合空軍 第227航空軍
U08;南米連合空軍 第228航空軍
U08;南米連合空軍 第229航空軍
U08;南米連合空軍 第230航空軍
U08;南米連合空軍 第231航空軍
U08;南米連合空軍 第232航空軍
U08;南米連合空軍 第233航空軍
U08;南米連合空軍 第234航空軍
U08;南米連合空軍 第235航空軍
U08;南米連合空軍 第236航空軍
U08;南米連合空軍 第237航空軍
U08;南米連合空軍 第238航空軍
U08;南米連合空軍 第239航空軍
U08;南米連合空軍 第240航空軍
U08;南米連合空軍 第241航空軍
U08;南米連合空軍 第242航空軍
U08;南米連合空軍 第243航空軍
U08;南米連合空軍 第244航空軍
U08;南米連合空軍 第245航空軍
U08;南米連合空軍 第246航空軍
U08;南米連合空軍 第247航空軍
U08;南米連合空軍 第248航空軍
U08;南米連合空軍 第249航空軍
U08;南米連合空軍 第250航空軍
U08;南米連合空軍 第251航空軍
U08;南米連合空軍 第252航空軍
U08;南米連合空軍 第253航空軍
U08;南米連合空軍 第254航空軍
U08;南米連合空軍 第255航空軍
U08;南米連合空軍 第256航空軍
U08;南米連合空軍 第257航空軍
U08;南米連合空軍 第258航空軍
U08;南米連合空軍 第259航空軍
U08;南米連合空軍 第260航空軍
U08;南米連合空軍 第261航空軍
U08;南米連合空軍 第262航空軍
U08;南米連合空軍 第263航空軍
U08;南米連合空軍 第264航空軍
U08;南米連合空軍 第265航空軍
U08;南米連合空軍 第266航空軍
U08;南米連合空軍 第267航空軍
U08;南米連合空軍 第268航空軍
U08;南米連合空軍 第269航空軍
U08;南米連合空軍 第270航空軍
U08;南米連合空軍 第271航空軍
U08;南米連合空軍 第272航空軍
U08;南米連合空軍 第273航空軍
U08;南米連合空軍 第274航空軍
U08;南米連合空軍 第275航空軍
U08;南米連合空軍 第276航空軍
U08;南米連合空軍 第277航空軍
U08;南米連合空軍 第278航空軍
U08;南米連合空軍 第279航空軍
U08;南米連合空軍 第280航空軍
U08;南米連合空軍 第281航空軍
U08;南米連合空軍 第282航空軍
U08;南米連合空軍 第283航空軍
U08;南米連合空軍 第284航空軍
U08;南米連合空軍 第285航空軍
U08;南米連合空軍 第286航空軍
U08;南米連合空軍 第287航空軍
U08;南米連合空軍 第288航空軍
U08;南米連合空軍 第289航空軍
U08;南米連合空軍 第290航空軍
U08;南米連合空軍 第291航空軍
U08;南米連合空軍 第292航空軍
U08;南米連合空軍 第293航空軍
U08;南米連合空軍 第294航空軍
U08;南米連合空軍 第295航空軍
U08;南米連合空軍 第296航空軍
U08;南米連合空軍 第297航空軍
U08;南米連合空軍 第298航空軍
U08;南米連合空軍 第299航空軍
U08;南米連合空軍 第300航空軍
U09;中米連邦空軍 第1航空軍
U09;中米連邦空軍 第2航空軍
U09;中米連邦空軍 第3航空軍
U09;中米連邦空軍 第4航空軍
U09;中米連邦空軍 第5航空軍
U09;中米連邦空軍 第6航空軍
U09;中米連邦空軍 第7航空軍
U09;中米連邦空軍 第8航空軍
U09;中米連邦空軍 第9航空軍
U09;中米連邦空軍 第10航空軍
U09;中米連邦空軍 第11航空軍
U09;中米連邦空軍 第12航空軍
U09;中米連邦空軍 第13航空軍
U09;中米連邦空軍 第14航空軍
U09;中米連邦空軍 第15航空軍
U09;中米連邦空軍 第21航空軍
U09;中米連邦空軍 第22航空軍
U09;中米連邦空軍 第23航空軍
U09;中米連邦空軍 第24航空軍
U09;中米連邦空軍 第25航空軍
U09;中米連邦空軍 第26航空軍
U09;中米連邦空軍 第27航空軍
U09;中米連邦空軍 第28航空軍
U09;中米連邦空軍 第29航空軍
U09;中米連邦空軍 第30航空軍
U09;中米連邦空軍 第31航空軍
U09;中米連邦空軍 第32航空軍
U09;中米連邦空軍 第33航空軍
U09;中米連邦空軍 第34航空軍
U09;中米連邦空軍 第35航空軍
U09;中米連邦空軍 第36航空軍
U09;中米連邦空軍 第37航空軍
U09;中米連邦空軍 第38航空軍
U09;中米連邦空軍 第39航空軍
U09;中米連邦空軍 第40航空軍
U09;中米連邦空軍 第41航空軍
U09;中米連邦空軍 第42航空軍
U09;中米連邦空軍 第43航空軍
U09;中米連邦空軍 第44航空軍
U09;中米連邦空軍 第45航空軍
U09;中米連邦空軍 第46航空軍
U09;中米連邦空軍 第47航空軍
U09;中米連邦空軍 第48航空軍
U09;中米連邦空軍 第49航空軍
U09;中米連邦空軍 第50航空軍
U09;中米連邦空軍 第51航空軍
U09;中米連邦空軍 第52航空軍
U09;中米連邦空軍 第53航空軍
U09;中米連邦空軍 第54航空軍
U09;中米連邦空軍 第55航空軍
U09;中米連邦空軍 第56航空軍
U09;中米連邦空軍 第57航空軍
U09;中米連邦空軍 第58航空軍
U09;中米連邦空軍 第59航空軍
U09;中米連邦空軍 第60航空軍
U09;中米連邦空軍 第61航空軍
U09;中米連邦空軍 第62航空軍
U09;中米連邦空軍 第63航空軍
U09;中米連邦空軍 第64航空軍
U09;中米連邦空軍 第65航空軍
U09;中米連邦空軍 第66航空軍
U09;中米連邦空軍 第67航空軍
U09;中米連邦空軍 第68航空軍
U09;中米連邦空軍 第69航空軍
U09;中米連邦空軍 第70航空軍
U09;中米連邦空軍 第71航空軍
U09;中米連邦空軍 第72航空軍
U09;中米連邦空軍 第73航空軍
U09;中米連邦空軍 第74航空軍
U09;中米連邦空軍 第75航空軍
U09;中米連邦空軍 第76航空軍
U09;中米連邦空軍 第77航空軍
U09;中米連邦空軍 第78航空軍
U09;中米連邦空軍 第79航空軍
U09;中米連邦空軍 第80航空軍
U09;中米連邦空軍 第81航空軍
U09;中米連邦空軍 第82航空軍
U09;中米連邦空軍 第83航空軍
U09;中米連邦空軍 第84航空軍
U09;中米連邦空軍 第85航空軍
U09;中米連邦空軍 第86航空軍
U09;中米連邦空軍 第87航空軍
U09;中米連邦空軍 第88航空軍
U09;中米連邦空軍 第89航空軍
U09;中米連邦空軍 第90航空軍
U09;中米連邦空軍 第91航空軍
U09;中米連邦空軍 第92航空軍
U09;中米連邦空軍 第93航空軍
U09;中米連邦空軍 第94航空軍
U09;中米連邦空軍 第95航空軍
U09;中米連邦空軍 第96航空軍
U09;中米連邦空軍 第97航空軍
U09;中米連邦空軍 第98航空軍
U09;中米連邦空軍 第99航空軍
U09;中米連邦空軍 第100航空軍
U09;中米連邦空軍 第101航空軍
U09;中米連邦空軍 第102航空軍
U09;中米連邦空軍 第103航空軍
U09;中米連邦空軍 第104航空軍
U09;中米連邦空軍 第105航空軍
U09;中米連邦空軍 第106航空軍
U09;中米連邦空軍 第107航空軍
U09;中米連邦空軍 第108航空軍
U09;中米連邦空軍 第109航空軍
U09;中米連邦空軍 第110航空軍
U09;中米連邦空軍 第111航空軍
U09;中米連邦空軍 第112航空軍
U09;中米連邦空軍 第113航空軍
U09;中米連邦空軍 第114航空軍
U09;中米連邦空軍 第115航空軍
U09;中米連邦空軍 第116航空軍
U09;中米連邦空軍 第117航空軍
U09;中米連邦空軍 第118航空軍
U09;中米連邦空軍 第119航空軍
U09;中米連邦空軍 第120航空軍
U09;中米連邦空軍 第121航空軍
U09;中米連邦空軍 第122航空軍
U09;中米連邦空軍 第123航空軍
U09;中米連邦空軍 第124航空軍
U09;中米連邦空軍 第125航空軍
U09;中米連邦空軍 第126航空軍
U09;中米連邦空軍 第127航空軍
U09;中米連邦空軍 第128航空軍
U09;中米連邦空軍 第129航空軍
U09;中米連邦空軍 第130航空軍
U09;中米連邦空軍 第131航空軍
U09;中米連邦空軍 第132航空軍
U09;中米連邦空軍 第133航空軍
U09;中米連邦空軍 第134航空軍
U09;中米連邦空軍 第135航空軍
U09;中米連邦空軍 第136航空軍
U09;中米連邦空軍 第137航空軍
U09;中米連邦空軍 第138航空軍
U09;中米連邦空軍 第139航空軍
U09;中米連邦空軍 第140航空軍
U09;中米連邦空軍 第141航空軍
U09;中米連邦空軍 第142航空軍
U09;中米連邦空軍 第143航空軍
U09;中米連邦空軍 第144航空軍
U09;中米連邦空軍 第145航空軍
U09;中米連邦空軍 第146航空軍
U09;中米連邦空軍 第147航空軍
U09;中米連邦空軍 第148航空軍
U09;中米連邦空軍 第149航空軍
U09;中米連邦空軍 第150航空軍
U09;中米連邦空軍 第151航空軍
U09;中米連邦空軍 第152航空軍
U09;中米連邦空軍 第153航空軍
U09;中米連邦空軍 第154航空軍
U09;中米連邦空軍 第155航空軍
U09;中米連邦空軍 第156航空軍
U09;中米連邦空軍 第157航空軍
U09;中米連邦空軍 第158航空軍
U09;中米連邦空軍 第159航空軍
U09;中米連邦空軍 第160航空軍
U09;中米連邦空軍 第161航空軍
U09;中米連邦空軍 第162航空軍
U09;中米連邦空軍 第163航空軍
U09;中米連邦空軍 第164航空軍
U09;中米連邦空軍 第165航空軍
U09;中米連邦空軍 第166航空軍
U09;中米連邦空軍 第167航空軍
U09;中米連邦空軍 第168航空軍
U09;中米連邦空軍 第169航空軍
U09;中米連邦空軍 第170航空軍
U09;中米連邦空軍 第171航空軍
U09;中米連邦空軍 第172航空軍
U09;中米連邦空軍 第173航空軍
U09;中米連邦空軍 第174航空軍
U09;中米連邦空軍 第175航空軍
U09;中米連邦空軍 第176航空軍
U09;中米連邦空軍 第177航空軍
U09;中米連邦空軍 第178航空軍
U09;中米連邦空軍 第179航空軍
U09;中米連邦空軍 第180航空軍
U09;中米連邦空軍 第181航空軍
U09;中米連邦空軍 第182航空軍
U09;中米連邦空軍 第183航空軍
U09;中米連邦空軍 第184航空軍
U09;中米連邦空軍 第185航空軍
U09;中米連邦空軍 第186航空軍
U09;中米連邦空軍 第187航空軍
U09;中米連邦空軍 第188航空軍
U09;中米連邦空軍 第189航空軍
U09;中米連邦空軍 第190航空軍
U09;中米連邦空軍 第191航空軍
U09;中米連邦空軍 第192航空軍
U09;中米連邦空軍 第193航空軍
U09;中米連邦空軍 第194航空軍
U09;中米連邦空軍 第195航空軍
U09;中米連邦空軍 第196航空軍
U09;中米連邦空軍 第197航空軍
U09;中米連邦空軍 第198航空軍
U09;中米連邦空軍 第199航空軍
U09;中米連邦空軍 第200航空軍
U09;中米連邦空軍 第201航空軍
U09;中米連邦空軍 第202航空軍
U09;中米連邦空軍 第203航空軍
U09;中米連邦空軍 第204航空軍
U09;中米連邦空軍 第205航空軍
U09;中米連邦空軍 第206航空軍
U09;中米連邦空軍 第207航空軍
U09;中米連邦空軍 第208航空軍
U09;中米連邦空軍 第209航空軍
U09;中米連邦空軍 第210航空軍
U09;中米連邦空軍 第211航空軍
U09;中米連邦空軍 第212航空軍
U09;中米連邦空軍 第213航空軍
U09;中米連邦空軍 第214航空軍
U09;中米連邦空軍 第215航空軍
U09;中米連邦空軍 第216航空軍
U09;中米連邦空軍 第217航空軍
U09;中米連邦空軍 第218航空軍
U09;中米連邦空軍 第219航空軍
U09;中米連邦空軍 第220航空軍
U09;中米連邦空軍 第221航空軍
U09;中米連邦空軍 第222航空軍
U09;中米連邦空軍 第223航空軍
U09;中米連邦空軍 第224航空軍
U09;中米連邦空軍 第225航空軍
U09;中米連邦空軍 第226航空軍
U09;中米連邦空軍 第227航空軍
U09;中米連邦空軍 第228航空軍
U09;中米連邦空軍 第229航空軍
U09;中米連邦空軍 第230航空軍
U09;中米連邦空軍 第231航空軍
U09;中米連邦空軍 第232航空軍
U09;中米連邦空軍 第233航空軍
U09;中米連邦空軍 第234航空軍
U09;中米連邦空軍 第235航空軍
U09;中米連邦空軍 第236航空軍
U09;中米連邦空軍 第237航空軍
U09;中米連邦空軍 第238航空軍
U09;中米連邦空軍 第239航空軍
U09;中米連邦空軍 第240航空軍
U09;中米連邦空軍 第241航空軍
U09;中米連邦空軍 第242航空軍
U09;中米連邦空軍 第243航空軍
U09;中米連邦空軍 第244航空軍
U09;中米連邦空軍 第245航空軍
U09;中米連邦空軍 第246航空軍
U09;中米連邦空軍 第247航空軍
U09;中米連邦空軍 第248航空軍
U09;中米連邦空軍 第249航空軍
U09;中米連邦空軍 第250航空軍
U09;中米連邦空軍 第251航空軍
U09;中米連邦空軍 第252航空軍
U09;中米連邦空軍 第253航空軍
U09;中米連邦空軍 第254航空軍
U09;中米連邦空軍 第255航空軍
U09;中米連邦空軍 第256航空軍
U09;中米連邦空軍 第257航空軍
U09;中米連邦空軍 第258航空軍
U09;中米連邦空軍 第259航空軍
U09;中米連邦空軍 第260航空軍
U09;中米連邦空軍 第261航空軍
U09;中米連邦空軍 第262航空軍
U09;中米連邦空軍 第263航空軍
U09;中米連邦空軍 第264航空軍
U09;中米連邦空軍 第265航空軍
U09;中米連邦空軍 第266航空軍
U09;中米連邦空軍 第267航空軍
U09;中米連邦空軍 第268航空軍
U09;中米連邦空軍 第269航空軍
U09;中米連邦空軍 第270航空軍
U09;中米連邦空軍 第271航空軍
U09;中米連邦空軍 第272航空軍
U09;中米連邦空軍 第273航空軍
U09;中米連邦空軍 第274航空軍
U09;中米連邦空軍 第275航空軍
U09;中米連邦空軍 第276航空軍
U09;中米連邦空軍 第277航空軍
U09;中米連邦空軍 第278航空軍
U09;中米連邦空軍 第279航空軍
U09;中米連邦空軍 第280航空軍
U09;中米連邦空軍 第281航空軍
U09;中米連邦空軍 第282航空軍
U09;中米連邦空軍 第283航空軍
U09;中米連邦空軍 第284航空軍
U09;中米連邦空軍 第285航空軍
U09;中米連邦空軍 第286航空軍
U09;中米連邦空軍 第287航空軍
U09;中米連邦空軍 第288航空軍
U09;中米連邦空軍 第289航空軍
U09;中米連邦空軍 第290航空軍
U09;中米連邦空軍 第291航空軍
U09;中米連邦空軍 第292航空軍
U09;中米連邦空軍 第293航空軍
U09;中米連邦空軍 第294航空軍
U09;中米連邦空軍 第295航空軍
U09;中米連邦空軍 第296航空軍
U09;中米連邦空軍 第297航空軍
U09;中米連邦空軍 第298航空軍
U09;中米連邦空軍 第299航空軍
U09;中米連邦空軍 第300航空軍
